Daerah,Tahun,Bulan,Produksi (Ton)
Jawa Timur,2018,Januari,211336.91
Jawa Timur,2018,Februari,960555.39
Jawa Timur,2018,Maret,2293296.4
Jawa Timur,2018,April,1345462.55
Jawa Timur,2018,Mei,635297.04
Jawa Timur,2018,Juni,923599.84
Jawa Timur,2018,Juli,1190086.94
Jawa Timur,2018,Agustus,716395.27
Jawa Timur,2018,September,624663.23
Jawa Timur,2018,Oktober,489721.49
Jawa Timur,2018,November,470151.11
Jawa Timur,2018,Desember,342647.0
Jawa Timur,2019,Januari,314228.76
Jawa Timur,2019,Februari,442558.79
Jawa Timur,2019,Maret,1933799.6
Jawa Timur,2019,April,1857128.26
Jawa Timur,2019,Mei,616134.88
Jawa Timur,2019,Juni,806305.87
Jawa Timur,2019,Juli,1071320.17
Jawa Timur,2019,Agustus,750277.4
Jawa Timur,2019,September,516564.94
Jawa Timur,2019,Oktober,501296.0
Jawa Timur,2019,November,499059.44
Jawa Timur,2019,Desember,272259.77
Jawa Timur,2020,Januari,288721.13
Jawa Timur,2020,Februari,345241.4
Jawa Timur,2020,Maret,1324020.59
Jawa Timur,2020,April,2243967.32
Jawa Timur,2020,Mei,992091.94
Jawa Timur,2020,Juni,603419.93
Jawa Timur,2020,Juli,1135872.36
Jawa Timur,2020,Agustus,924107.6
Jawa Timur,2020,September,599080.95
Jawa Timur,2020,Oktober,618298.54
Jawa Timur,2020,November,603416.14
Jawa Timur,2020,Desember,266300.36
Jawa Timur,2021,Januari,300797.15
Jawa Timur,2021,Februari,507757.43
Jawa Timur,2021,Maret,2192542.16
Jawa Timur,2021,April,1659178.45
Jawa Timur,2021,Mei,532441.85
Jawa Timur,2021,Juni,811440.39
Jawa Timur,2021,Juli,1200996.28
Jawa Timur,2021,Agustus,715158.77
Jawa Timur,2021,September,484774.35
Jawa Timur,2021,Oktober,493039.28
Jawa Timur,2021,November,520043.05
Jawa Timur,2021,Desember,371418.51
Jawa Timur,2022,Januari,280648.72
Jawa Timur,2022,Februari,649333.11
Jawa Timur,2022,Maret,2287460.65
Jawa Timur,2022,April,1419038.92
Jawa Timur,2022,Mei,532767.5
Jawa Timur,2022,Juni,823022.04
Jawa Timur,2022,Juli,1057836.95
Jawa Timur,2022,Agustus,641197.02
Jawa Timur,2022,September,460667.77
Jawa Timur,2022,Oktober,485091.07
Jawa Timur,2022,November,547787.36
Jawa Timur,2022,Desember,341664.56
Jawa Timur,2023,Januari,319104.79
Jawa Timur,2023,Februari,978255.37
Jawa Timur,2023,Maret,2109963.82
Jawa Timur,2023,April,1187207.4
Jawa Timur,2023,Mei,626767.96
Jawa Timur,2023,Juni,940075.2
Jawa Timur,2023,Juli,924228.51
Jawa Timur,2023,Agustus,743342.68
Jawa Timur,2023,September,528980.73
Jawa Timur,2023,Oktober,428914.0
Jawa Timur,2023,November,485115.13
Jawa Timur,2023,Desember,438705.74
Jawa Timur,2024,Januari,277035.02
Jawa Timur,2024,Februari,310234.48
Jawa Timur,2024,Maret,1321465.79
Jawa Timur,2024,April,2135744.25
Jawa Timur,2024,Mei,865264.09
Jawa Timur,2024,Juni,649671.78
Jawa Timur,2024,Juli,889962.44
Jawa Timur,2024,Agustus,866020.53
Jawa Timur,2024,September,652260.74
Jawa Timur,2024,Oktober,471937.28
Jawa Timur,2024,November,462469.22
Jawa Timur,2024,Desember,368369.67
Kabupaten Bangkalan,2018,Januari,4739.48
Kabupaten Bangkalan,2018,Februari,46564.49
Kabupaten Bangkalan,2018,Maret,68927.85
Kabupaten Bangkalan,2018,April,27021.81
Kabupaten Bangkalan,2018,Mei,12847.5
Kabupaten Bangkalan,2018,Juni,27605.63
Kabupaten Bangkalan,2018,Juli,37426.82
Kabupaten Bangkalan,2018,Agustus,10502.98
Kabupaten Bangkalan,2018,September,7624.38
Kabupaten Bangkalan,2018,Oktober,450.79
Kabupaten Bangkalan,2018,November,0.0
Kabupaten Bangkalan,2018,Desember,0.0
Kabupaten Bangkalan,2019,Januari,746.65
Kabupaten Bangkalan,2019,Februari,7657.79
Kabupaten Bangkalan,2019,Maret,63895.8
Kabupaten Bangkalan,2019,April,49343.02
Kabupaten Bangkalan,2019,Mei,5353.23
Kabupaten Bangkalan,2019,Juni,13094.25
Kabupaten Bangkalan,2019,Juli,39003.24
Kabupaten Bangkalan,2019,Agustus,15146.86
Kabupaten Bangkalan,2019,September,175.53
Kabupaten Bangkalan,2019,Oktober,1202.03
Kabupaten Bangkalan,2019,November,4281.5
Kabupaten Bangkalan,2019,Desember,1720.1
Kabupaten Bangkalan,2020,Januari,450.34
Kabupaten Bangkalan,2020,Februari,2437.42
Kabupaten Bangkalan,2020,Maret,22119.61
Kabupaten Bangkalan,2020,April,79013.4
Kabupaten Bangkalan,2020,Mei,14266.47
Kabupaten Bangkalan,2020,Juni,12519.43
Kabupaten Bangkalan,2020,Juli,23824.46
Kabupaten Bangkalan,2020,Agustus,28797.02
Kabupaten Bangkalan,2020,September,11475.66
Kabupaten Bangkalan,2020,Oktober,7309.78
Kabupaten Bangkalan,2020,November,4642.08
Kabupaten Bangkalan,2020,Desember,439.22
Kabupaten Bangkalan,2021,Januari,3544.14
Kabupaten Bangkalan,2021,Februari,19609.59
Kabupaten Bangkalan,2021,Maret,84099.46
Kabupaten Bangkalan,2021,April,16866.14
Kabupaten Bangkalan,2021,Mei,4767.71
Kabupaten Bangkalan,2021,Juni,22824.7
Kabupaten Bangkalan,2021,Juli,24811.71
Kabupaten Bangkalan,2021,Agustus,4226.72
Kabupaten Bangkalan,2021,September,4650.43
Kabupaten Bangkalan,2021,Oktober,7429.14
Kabupaten Bangkalan,2021,November,2493.55
Kabupaten Bangkalan,2021,Desember,0.0
Kabupaten Bangkalan,2022,Januari,1539.38
Kabupaten Bangkalan,2022,Februari,25496.13
Kabupaten Bangkalan,2022,Maret,85040.0
Kabupaten Bangkalan,2022,April,12486.32
Kabupaten Bangkalan,2022,Mei,4600.06
Kabupaten Bangkalan,2022,Juni,26236.55
Kabupaten Bangkalan,2022,Juli,23280.48
Kabupaten Bangkalan,2022,Agustus,9726.37
Kabupaten Bangkalan,2022,September,3727.23
Kabupaten Bangkalan,2022,Oktober,5158.06
Kabupaten Bangkalan,2022,November,832.13
Kabupaten Bangkalan,2022,Desember,0.0
Kabupaten Bangkalan,2023,Januari,2459.47
Kabupaten Bangkalan,2023,Februari,49493.78
Kabupaten Bangkalan,2023,Maret,65721.06
Kabupaten Bangkalan,2023,April,7946.81
Kabupaten Bangkalan,2023,Mei,5804.55
Kabupaten Bangkalan,2023,Juni,30161.47
Kabupaten Bangkalan,2023,Juli,16252.19
Kabupaten Bangkalan,2023,Agustus,6864.08
Kabupaten Bangkalan,2023,September,1554.55
Kabupaten Bangkalan,2023,Oktober,0.0
Kabupaten Bangkalan,2023,November,0.0
Kabupaten Bangkalan,2023,Desember,0.0
Kabupaten Bangkalan,2024,Januari,0.0
Kabupaten Bangkalan,2024,Februari,1830.8
Kabupaten Bangkalan,2024,Maret,55150.77
Kabupaten Bangkalan,2024,April,52497.07
Kabupaten Bangkalan,2024,Mei,9712.89
Kabupaten Bangkalan,2024,Juni,4959.96
Kabupaten Bangkalan,2024,Juli,31986.05
Kabupaten Bangkalan,2024,Agustus,20606.3
Kabupaten Bangkalan,2024,September,4886.42
Kabupaten Bangkalan,2024,Oktober,3473.43
Kabupaten Bangkalan,2024,November,793.82
Kabupaten Bangkalan,2024,Desember,3264.39
Kabupaten Banyuwangi,2018,Januari,27729.16
Kabupaten Banyuwangi,2018,Februari,16986.49
Kabupaten Banyuwangi,2018,Maret,78457.91
Kabupaten Banyuwangi,2018,April,79122.96
Kabupaten Banyuwangi,2018,Mei,46085.58
Kabupaten Banyuwangi,2018,Juni,19269.02
Kabupaten Banyuwangi,2018,Juli,38857.35
Kabupaten Banyuwangi,2018,Agustus,55969.32
Kabupaten Banyuwangi,2018,September,48805.21
Kabupaten Banyuwangi,2018,Oktober,37380.94
Kabupaten Banyuwangi,2018,November,29969.24
Kabupaten Banyuwangi,2018,Desember,35895.6
Kabupaten Banyuwangi,2019,Januari,42968.7
Kabupaten Banyuwangi,2019,Februari,17787.12
Kabupaten Banyuwangi,2019,Maret,43133.11
Kabupaten Banyuwangi,2019,April,89701.12
Kabupaten Banyuwangi,2019,Mei,50908.06
Kabupaten Banyuwangi,2019,Juni,17665.52
Kabupaten Banyuwangi,2019,Juli,16608.71
Kabupaten Banyuwangi,2019,Agustus,35445.64
Kabupaten Banyuwangi,2019,September,47464.33
Kabupaten Banyuwangi,2019,Oktober,47640.36
Kabupaten Banyuwangi,2019,November,21780.55
Kabupaten Banyuwangi,2019,Desember,14150.64
Kabupaten Banyuwangi,2020,Januari,28464.04
Kabupaten Banyuwangi,2020,Februari,12444.66
Kabupaten Banyuwangi,2020,Maret,11500.74
Kabupaten Banyuwangi,2020,April,64315.19
Kabupaten Banyuwangi,2020,Mei,90760.31
Kabupaten Banyuwangi,2020,Juni,40597.42
Kabupaten Banyuwangi,2020,Juli,15234.87
Kabupaten Banyuwangi,2020,Agustus,24406.35
Kabupaten Banyuwangi,2020,September,55818.6
Kabupaten Banyuwangi,2020,Oktober,70908.93
Kabupaten Banyuwangi,2020,November,40522.49
Kabupaten Banyuwangi,2020,Desember,15859.03
Kabupaten Banyuwangi,2021,Januari,33016.86
Kabupaten Banyuwangi,2021,Februari,30863.99
Kabupaten Banyuwangi,2021,Maret,65597.35
Kabupaten Banyuwangi,2021,April,87637.38
Kabupaten Banyuwangi,2021,Mei,31410.39
Kabupaten Banyuwangi,2021,Juni,26618.5
Kabupaten Banyuwangi,2021,Juli,38005.03
Kabupaten Banyuwangi,2021,Agustus,44205.66
Kabupaten Banyuwangi,2021,September,35292.57
Kabupaten Banyuwangi,2021,Oktober,49365.41
Kabupaten Banyuwangi,2021,November,31435.71
Kabupaten Banyuwangi,2021,Desember,40041.22
Kabupaten Banyuwangi,2022,Januari,32500.03
Kabupaten Banyuwangi,2022,Februari,14607.79
Kabupaten Banyuwangi,2022,Maret,59482.3
Kabupaten Banyuwangi,2022,April,84143.21
Kabupaten Banyuwangi,2022,Mei,40645.75
Kabupaten Banyuwangi,2022,Juni,25340.22
Kabupaten Banyuwangi,2022,Juli,26836.06
Kabupaten Banyuwangi,2022,Agustus,25156.4
Kabupaten Banyuwangi,2022,September,37248.67
Kabupaten Banyuwangi,2022,Oktober,62829.99
Kabupaten Banyuwangi,2022,November,29402.33
Kabupaten Banyuwangi,2022,Desember,24013.23
Kabupaten Banyuwangi,2023,Januari,24888.43
Kabupaten Banyuwangi,2023,Februari,22243.99
Kabupaten Banyuwangi,2023,Maret,55417.45
Kabupaten Banyuwangi,2023,April,76667.52
Kabupaten Banyuwangi,2023,Mei,39582.87
Kabupaten Banyuwangi,2023,Juni,22461.86
Kabupaten Banyuwangi,2023,Juli,27227.33
Kabupaten Banyuwangi,2023,Agustus,27422.7
Kabupaten Banyuwangi,2023,September,39845.29
Kabupaten Banyuwangi,2023,Oktober,59752.95
Kabupaten Banyuwangi,2023,November,30215.09
Kabupaten Banyuwangi,2023,Desember,29042.98
Kabupaten Banyuwangi,2024,Januari,19910.58
Kabupaten Banyuwangi,2024,Februari,12887.81
Kabupaten Banyuwangi,2024,Maret,22480.59
Kabupaten Banyuwangi,2024,April,74152.75
Kabupaten Banyuwangi,2024,Mei,57253.35
Kabupaten Banyuwangi,2024,Juni,22222.12
Kabupaten Banyuwangi,2024,Juli,9386.91
Kabupaten Banyuwangi,2024,Agustus,23550.58
Kabupaten Banyuwangi,2024,September,61509.14
Kabupaten Banyuwangi,2024,Oktober,53309.41
Kabupaten Banyuwangi,2024,November,25169.54
Kabupaten Banyuwangi,2024,Desember,13798.6
Kabupaten Blitar,2018,Januari,2123.29
Kabupaten Blitar,2018,Februari,9013.42
Kabupaten Blitar,2018,Maret,38862.23
Kabupaten Blitar,2018,April,61519.8
Kabupaten Blitar,2018,Mei,32247.23
Kabupaten Blitar,2018,Juni,8911.26
Kabupaten Blitar,2018,Juli,19805.22
Kabupaten Blitar,2018,Agustus,11956.61
Kabupaten Blitar,2018,September,11326.11
Kabupaten Blitar,2018,Oktober,12842.01
Kabupaten Blitar,2018,November,6019.42
Kabupaten Blitar,2018,Desember,9552.03
Kabupaten Blitar,2019,Januari,7160.03
Kabupaten Blitar,2019,Februari,5275.88
Kabupaten Blitar,2019,Maret,20283.15
Kabupaten Blitar,2019,April,69990.1
Kabupaten Blitar,2019,Mei,45601.73
Kabupaten Blitar,2019,Juni,14420.69
Kabupaten Blitar,2019,Juli,4479.15
Kabupaten Blitar,2019,Agustus,11534.68
Kabupaten Blitar,2019,September,12903.84
Kabupaten Blitar,2019,Oktober,17393.19
Kabupaten Blitar,2019,November,11483.51
Kabupaten Blitar,2019,Desember,3501.24
Kabupaten Blitar,2020,Januari,1870.27
Kabupaten Blitar,2020,Februari,2730.98
Kabupaten Blitar,2020,Maret,12637.8
Kabupaten Blitar,2020,April,46673.67
Kabupaten Blitar,2020,Mei,53297.58
Kabupaten Blitar,2020,Juni,14064.84
Kabupaten Blitar,2020,Juli,5259.5
Kabupaten Blitar,2020,Agustus,10509.89
Kabupaten Blitar,2020,September,20763.24
Kabupaten Blitar,2020,Oktober,21814.36
Kabupaten Blitar,2020,November,6532.63
Kabupaten Blitar,2020,Desember,692.77
Kabupaten Blitar,2021,Januari,10497.28
Kabupaten Blitar,2021,Februari,13122.46
Kabupaten Blitar,2021,Maret,27847.25
Kabupaten Blitar,2021,April,59112.91
Kabupaten Blitar,2021,Mei,47925.3
Kabupaten Blitar,2021,Juni,15518.55
Kabupaten Blitar,2021,Juli,14291.18
Kabupaten Blitar,2021,Agustus,12907.61
Kabupaten Blitar,2021,September,14069.02
Kabupaten Blitar,2021,Oktober,12376.19
Kabupaten Blitar,2021,November,9365.02
Kabupaten Blitar,2021,Desember,10333.5
Kabupaten Blitar,2022,Januari,5895.45
Kabupaten Blitar,2022,Februari,6030.96
Kabupaten Blitar,2022,Maret,28149.61
Kabupaten Blitar,2022,April,76764.97
Kabupaten Blitar,2022,Mei,32865.16
Kabupaten Blitar,2022,Juni,7763.05
Kabupaten Blitar,2022,Juli,9165.88
Kabupaten Blitar,2022,Agustus,10244.33
Kabupaten Blitar,2022,September,14799.84
Kabupaten Blitar,2022,Oktober,13375.71
Kabupaten Blitar,2022,November,6949.56
Kabupaten Blitar,2022,Desember,3478.27
Kabupaten Blitar,2023,Januari,6236.93
Kabupaten Blitar,2023,Februari,15391.9
Kabupaten Blitar,2023,Maret,44937.3
Kabupaten Blitar,2023,April,62121.93
Kabupaten Blitar,2023,Mei,20884.39
Kabupaten Blitar,2023,Juni,11921.23
Kabupaten Blitar,2023,Juli,14266.77
Kabupaten Blitar,2023,Agustus,15025.81
Kabupaten Blitar,2023,September,11187.12
Kabupaten Blitar,2023,Oktober,12197.22
Kabupaten Blitar,2023,November,13097.0
Kabupaten Blitar,2023,Desember,12956.81
Kabupaten Blitar,2024,Januari,4000.31
Kabupaten Blitar,2024,Februari,3733.52
Kabupaten Blitar,2024,Maret,10188.78
Kabupaten Blitar,2024,April,33912.17
Kabupaten Blitar,2024,Mei,51445.49
Kabupaten Blitar,2024,Juni,17095.68
Kabupaten Blitar,2024,Juli,4675.76
Kabupaten Blitar,2024,Agustus,6904.23
Kabupaten Blitar,2024,September,11959.52
Kabupaten Blitar,2024,Oktober,10580.12
Kabupaten Blitar,2024,November,12210.44
Kabupaten Blitar,2024,Desember,4448.0
Kabupaten Bojonegoro,2018,Januari,26071.89
Kabupaten Bojonegoro,2018,Februari,98763.59
Kabupaten Bojonegoro,2018,Maret,212131.78
Kabupaten Bojonegoro,2018,April,58608.84
Kabupaten Bojonegoro,2018,Mei,47394.12
Kabupaten Bojonegoro,2018,Juni,81366.73
Kabupaten Bojonegoro,2018,Juli,71031.95
Kabupaten Bojonegoro,2018,Agustus,17230.94
Kabupaten Bojonegoro,2018,September,67496.56
Kabupaten Bojonegoro,2018,Oktober,22365.97
Kabupaten Bojonegoro,2018,November,30882.32
Kabupaten Bojonegoro,2018,Desember,19168.71
Kabupaten Bojonegoro,2019,Januari,25497.92
Kabupaten Bojonegoro,2019,Februari,42334.99
Kabupaten Bojonegoro,2019,Maret,151447.33
Kabupaten Bojonegoro,2019,April,173832.85
Kabupaten Bojonegoro,2019,Mei,18255.29
Kabupaten Bojonegoro,2019,Juni,83824.42
Kabupaten Bojonegoro,2019,Juli,71629.02
Kabupaten Bojonegoro,2019,Agustus,23908.81
Kabupaten Bojonegoro,2019,September,23869.96
Kabupaten Bojonegoro,2019,Oktober,28109.01
Kabupaten Bojonegoro,2019,November,26672.43
Kabupaten Bojonegoro,2019,Desember,22691.13
Kabupaten Bojonegoro,2020,Januari,16455.01
Kabupaten Bojonegoro,2020,Februari,34413.21
Kabupaten Bojonegoro,2020,Maret,101065.38
Kabupaten Bojonegoro,2020,April,201732.58
Kabupaten Bojonegoro,2020,Mei,62503.05
Kabupaten Bojonegoro,2020,Juni,60580.6
Kabupaten Bojonegoro,2020,Juli,81926.37
Kabupaten Bojonegoro,2020,Agustus,66467.02
Kabupaten Bojonegoro,2020,September,31384.47
Kabupaten Bojonegoro,2020,Oktober,30442.06
Kabupaten Bojonegoro,2020,November,26418.17
Kabupaten Bojonegoro,2020,Desember,15527.2
Kabupaten Bojonegoro,2021,Januari,18919.35
Kabupaten Bojonegoro,2021,Februari,56637.29
Kabupaten Bojonegoro,2021,Maret,221428.29
Kabupaten Bojonegoro,2021,April,75747.33
Kabupaten Bojonegoro,2021,Mei,24344.39
Kabupaten Bojonegoro,2021,Juni,100863.21
Kabupaten Bojonegoro,2021,Juli,71378.09
Kabupaten Bojonegoro,2021,Agustus,7327.66
Kabupaten Bojonegoro,2021,September,20833.28
Kabupaten Bojonegoro,2021,Oktober,35055.5
Kabupaten Bojonegoro,2021,November,20144.64
Kabupaten Bojonegoro,2021,Desember,21322.97
Kabupaten Bojonegoro,2022,Januari,9362.65
Kabupaten Bojonegoro,2022,Februari,74278.61
Kabupaten Bojonegoro,2022,Maret,283043.45
Kabupaten Bojonegoro,2022,April,42332.37
Kabupaten Bojonegoro,2022,Mei,10979.17
Kabupaten Bojonegoro,2022,Juni,105282.46
Kabupaten Bojonegoro,2022,Juli,72573.51
Kabupaten Bojonegoro,2022,Agustus,11806.49
Kabupaten Bojonegoro,2022,September,18334.94
Kabupaten Bojonegoro,2022,Oktober,25397.75
Kabupaten Bojonegoro,2022,November,30820.68
Kabupaten Bojonegoro,2022,Desember,20076.86
Kabupaten Bojonegoro,2023,Januari,12065.62
Kabupaten Bojonegoro,2023,Februari,166942.05
Kabupaten Bojonegoro,2023,Maret,179152.2
Kabupaten Bojonegoro,2023,April,33277.34
Kabupaten Bojonegoro,2023,Mei,42244.38
Kabupaten Bojonegoro,2023,Juni,137735.75
Kabupaten Bojonegoro,2023,Juli,26462.7
Kabupaten Bojonegoro,2023,Agustus,15718.57
Kabupaten Bojonegoro,2023,September,22897.35
Kabupaten Bojonegoro,2023,Oktober,31371.81
Kabupaten Bojonegoro,2023,November,24506.87
Kabupaten Bojonegoro,2023,Desember,13587.99
Kabupaten Bojonegoro,2024,Januari,15837.66
Kabupaten Bojonegoro,2024,Februari,41517.71
Kabupaten Bojonegoro,2024,Maret,122138.33
Kabupaten Bojonegoro,2024,April,179810.36
Kabupaten Bojonegoro,2024,Mei,51399.61
Kabupaten Bojonegoro,2024,Juni,82737.06
Kabupaten Bojonegoro,2024,Juli,72779.58
Kabupaten Bojonegoro,2024,Agustus,34705.98
Kabupaten Bojonegoro,2024,September,29925.35
Kabupaten Bojonegoro,2024,Oktober,30994.66
Kabupaten Bojonegoro,2024,November,31305.84
Kabupaten Bojonegoro,2024,Desember,17375.04
Kabupaten Bondowoso,2018,Januari,8154.93
Kabupaten Bondowoso,2018,Februari,15008.83
Kabupaten Bondowoso,2018,Maret,40514.92
Kabupaten Bondowoso,2018,April,39903.57
Kabupaten Bondowoso,2018,Mei,29549.95
Kabupaten Bondowoso,2018,Juni,19214.13
Kabupaten Bondowoso,2018,Juli,27867.64
Kabupaten Bondowoso,2018,Agustus,19266.87
Kabupaten Bondowoso,2018,September,11080.07
Kabupaten Bondowoso,2018,Oktober,10170.13
Kabupaten Bondowoso,2018,November,17985.68
Kabupaten Bondowoso,2018,Desember,15118.56
Kabupaten Bondowoso,2019,Januari,19154.67
Kabupaten Bondowoso,2019,Februari,16305.45
Kabupaten Bondowoso,2019,Maret,30329.06
Kabupaten Bondowoso,2019,April,38176.7
Kabupaten Bondowoso,2019,Mei,24377.45
Kabupaten Bondowoso,2019,Juni,27795.15
Kabupaten Bondowoso,2019,Juli,23535.66
Kabupaten Bondowoso,2019,Agustus,16481.16
Kabupaten Bondowoso,2019,September,14389.28
Kabupaten Bondowoso,2019,Oktober,10430.65
Kabupaten Bondowoso,2019,November,18853.52
Kabupaten Bondowoso,2019,Desember,11543.19
Kabupaten Bondowoso,2020,Januari,18181.82
Kabupaten Bondowoso,2020,Februari,23444.7
Kabupaten Bondowoso,2020,Maret,10395.02
Kabupaten Bondowoso,2020,April,59121.56
Kabupaten Bondowoso,2020,Mei,27602.76
Kabupaten Bondowoso,2020,Juni,26303.89
Kabupaten Bondowoso,2020,Juli,27318.26
Kabupaten Bondowoso,2020,Agustus,15490.44
Kabupaten Bondowoso,2020,September,10428.88
Kabupaten Bondowoso,2020,Oktober,13787.52
Kabupaten Bondowoso,2020,November,16091.82
Kabupaten Bondowoso,2020,Desember,12851.81
Kabupaten Bondowoso,2021,Januari,14739.3
Kabupaten Bondowoso,2021,Februari,14274.66
Kabupaten Bondowoso,2021,Maret,37559.38
Kabupaten Bondowoso,2021,April,43022.78
Kabupaten Bondowoso,2021,Mei,28852.4
Kabupaten Bondowoso,2021,Juni,23350.76
Kabupaten Bondowoso,2021,Juli,31927.95
Kabupaten Bondowoso,2021,Agustus,15306.49
Kabupaten Bondowoso,2021,September,10285.11
Kabupaten Bondowoso,2021,Oktober,13332.86
Kabupaten Bondowoso,2021,November,12687.96
Kabupaten Bondowoso,2021,Desember,13611.81
Kabupaten Bondowoso,2022,Januari,14393.68
Kabupaten Bondowoso,2022,Februari,13967.88
Kabupaten Bondowoso,2022,Maret,37513.22
Kabupaten Bondowoso,2022,April,36719.36
Kabupaten Bondowoso,2022,Mei,31670.35
Kabupaten Bondowoso,2022,Juni,21768.59
Kabupaten Bondowoso,2022,Juli,23118.32
Kabupaten Bondowoso,2022,Agustus,13506.58
Kabupaten Bondowoso,2022,September,10697.93
Kabupaten Bondowoso,2022,Oktober,13976.62
Kabupaten Bondowoso,2022,November,9697.87
Kabupaten Bondowoso,2022,Desember,11647.25
Kabupaten Bondowoso,2023,Januari,12534.31
Kabupaten Bondowoso,2023,Februari,18119.04
Kabupaten Bondowoso,2023,Maret,34054.33
Kabupaten Bondowoso,2023,April,36892.04
Kabupaten Bondowoso,2023,Mei,28360.25
Kabupaten Bondowoso,2023,Juni,25845.35
Kabupaten Bondowoso,2023,Juli,23189.07
Kabupaten Bondowoso,2023,Agustus,14249.23
Kabupaten Bondowoso,2023,September,11439.47
Kabupaten Bondowoso,2023,Oktober,15427.25
Kabupaten Bondowoso,2023,November,15970.39
Kabupaten Bondowoso,2023,Desember,11698.01
Kabupaten Bondowoso,2024,Januari,13288.81
Kabupaten Bondowoso,2024,Februari,21356.98
Kabupaten Bondowoso,2024,Maret,35639.77
Kabupaten Bondowoso,2024,April,37076.51
Kabupaten Bondowoso,2024,Mei,32077.29
Kabupaten Bondowoso,2024,Juni,32642.94
Kabupaten Bondowoso,2024,Juli,23243.59
Kabupaten Bondowoso,2024,Agustus,16754.43
Kabupaten Bondowoso,2024,September,10761.27
Kabupaten Bondowoso,2024,Oktober,13128.05
Kabupaten Bondowoso,2024,November,12246.11
Kabupaten Bondowoso,2024,Desember,11261.93
Kabupaten Gresik,2018,Januari,2781.16
Kabupaten Gresik,2018,Februari,102755.27
Kabupaten Gresik,2018,Maret,57899.01
Kabupaten Gresik,2018,April,15551.44
Kabupaten Gresik,2018,Mei,57103.19
Kabupaten Gresik,2018,Juni,44377.02
Kabupaten Gresik,2018,Juli,20766.06
Kabupaten Gresik,2018,Agustus,10361.25
Kabupaten Gresik,2018,September,18230.62
Kabupaten Gresik,2018,Oktober,11663.03
Kabupaten Gresik,2018,November,6336.64
Kabupaten Gresik,2018,Desember,3877.7
Kabupaten Gresik,2019,Januari,6321.88
Kabupaten Gresik,2019,Februari,25468.78
Kabupaten Gresik,2019,Maret,125024.39
Kabupaten Gresik,2019,April,13865.17
Kabupaten Gresik,2019,Mei,16753.4
Kabupaten Gresik,2019,Juni,80513.07
Kabupaten Gresik,2019,Juli,40806.57
Kabupaten Gresik,2019,Agustus,14270.22
Kabupaten Gresik,2019,September,14105.22
Kabupaten Gresik,2019,Oktober,12496.56
Kabupaten Gresik,2019,November,14245.9
Kabupaten Gresik,2019,Desember,3846.5
Kabupaten Gresik,2020,Januari,6451.09
Kabupaten Gresik,2020,Februari,33654.14
Kabupaten Gresik,2020,Maret,110293.75
Kabupaten Gresik,2020,April,63451.68
Kabupaten Gresik,2020,Mei,6057.83
Kabupaten Gresik,2020,Juni,30704.71
Kabupaten Gresik,2020,Juli,90408.2
Kabupaten Gresik,2020,Agustus,21227.7
Kabupaten Gresik,2020,September,18754.71
Kabupaten Gresik,2020,Oktober,13395.53
Kabupaten Gresik,2020,November,13048.93
Kabupaten Gresik,2020,Desember,268.36
Kabupaten Gresik,2021,Januari,2514.4
Kabupaten Gresik,2021,Februari,38615.05
Kabupaten Gresik,2021,Maret,128026.32
Kabupaten Gresik,2021,April,23672.07
Kabupaten Gresik,2021,Mei,5377.67
Kabupaten Gresik,2021,Juni,95596.82
Kabupaten Gresik,2021,Juli,37155.99
Kabupaten Gresik,2021,Agustus,12286.86
Kabupaten Gresik,2021,September,3529.16
Kabupaten Gresik,2021,Oktober,20564.27
Kabupaten Gresik,2021,November,10208.79
Kabupaten Gresik,2021,Desember,2118.79
Kabupaten Gresik,2022,Januari,618.63
Kabupaten Gresik,2022,Februari,102194.51
Kabupaten Gresik,2022,Maret,90703.72
Kabupaten Gresik,2022,April,13965.33
Kabupaten Gresik,2022,Mei,14177.11
Kabupaten Gresik,2022,Juni,107551.27
Kabupaten Gresik,2022,Juli,27669.02
Kabupaten Gresik,2022,Agustus,14655.14
Kabupaten Gresik,2022,September,6836.77
Kabupaten Gresik,2022,Oktober,22863.35
Kabupaten Gresik,2022,November,8304.24
Kabupaten Gresik,2022,Desember,1703.11
Kabupaten Gresik,2023,Januari,6821.87
Kabupaten Gresik,2023,Februari,128984.62
Kabupaten Gresik,2023,Maret,55184.81
Kabupaten Gresik,2023,April,8036.69
Kabupaten Gresik,2023,Mei,46894.66
Kabupaten Gresik,2023,Juni,88060.65
Kabupaten Gresik,2023,Juli,17662.96
Kabupaten Gresik,2023,Agustus,16872.25
Kabupaten Gresik,2023,September,21069.51
Kabupaten Gresik,2023,Oktober,20042.18
Kabupaten Gresik,2023,November,7555.77
Kabupaten Gresik,2023,Desember,242.61
Kabupaten Gresik,2024,Januari,744.29
Kabupaten Gresik,2024,Februari,7935.33
Kabupaten Gresik,2024,Maret,83438.12
Kabupaten Gresik,2024,April,84003.77
Kabupaten Gresik,2024,Mei,17876.62
Kabupaten Gresik,2024,Juni,30981.83
Kabupaten Gresik,2024,Juli,38057.42
Kabupaten Gresik,2024,Agustus,11509.83
Kabupaten Gresik,2024,September,16839.0
Kabupaten Gresik,2024,Oktober,23370.4
Kabupaten Gresik,2024,November,13436.79
Kabupaten Gresik,2024,Desember,766.13
Kabupaten Jember,2018,Januari,13853.52
Kabupaten Jember,2018,Februari,31838.6
Kabupaten Jember,2018,Maret,165472.05
Kabupaten Jember,2018,April,111530.26
Kabupaten Jember,2018,Mei,40754.12
Kabupaten Jember,2018,Juni,38624.65
Kabupaten Jember,2018,Juli,122318.78
Kabupaten Jember,2018,Agustus,67076.15
Kabupaten Jember,2018,September,23113.48
Kabupaten Jember,2018,Oktober,19357.78
Kabupaten Jember,2018,November,28968.2
Kabupaten Jember,2018,Desember,25901.76
Kabupaten Jember,2019,Januari,29468.15
Kabupaten Jember,2019,Februari,21073.97
Kabupaten Jember,2019,Maret,115230.9
Kabupaten Jember,2019,April,134786.68
Kabupaten Jember,2019,Mei,32701.75
Kabupaten Jember,2019,Juni,26713.72
Kabupaten Jember,2019,Juli,84094.99
Kabupaten Jember,2019,Agustus,86490.26
Kabupaten Jember,2019,September,19733.38
Kabupaten Jember,2019,Oktober,17230.71
Kabupaten Jember,2019,November,21370.6
Kabupaten Jember,2019,Desember,27963.3
Kabupaten Jember,2020,Januari,29029.62
Kabupaten Jember,2020,Februari,26409.82
Kabupaten Jember,2020,Maret,36596.59
Kabupaten Jember,2020,April,196286.86
Kabupaten Jember,2020,Mei,47264.43
Kabupaten Jember,2020,Juni,24994.79
Kabupaten Jember,2020,Juli,36935.86
Kabupaten Jember,2020,Agustus,101188.94
Kabupaten Jember,2020,September,32432.49
Kabupaten Jember,2020,Oktober,18238.87
Kabupaten Jember,2020,November,21390.09
Kabupaten Jember,2020,Desember,19495.01
Kabupaten Jember,2021,Januari,36210.9
Kabupaten Jember,2021,Februari,18863.96
Kabupaten Jember,2021,Maret,64984.91
Kabupaten Jember,2021,April,177542.27
Kabupaten Jember,2021,Mei,44381.16
Kabupaten Jember,2021,Juni,29393.99
Kabupaten Jember,2021,Juli,51095.72
Kabupaten Jember,2021,Agustus,96814.82
Kabupaten Jember,2021,September,32280.15
Kabupaten Jember,2021,Oktober,18427.65
Kabupaten Jember,2021,November,18608.02
Kabupaten Jember,2021,Desember,27094.32
Kabupaten Jember,2022,Januari,35404.42
Kabupaten Jember,2022,Februari,22279.31
Kabupaten Jember,2022,Maret,80842.89
Kabupaten Jember,2022,April,165118.25
Kabupaten Jember,2022,Mei,47605.94
Kabupaten Jember,2022,Juni,27983.74
Kabupaten Jember,2022,Juli,50290.03
Kabupaten Jember,2022,Agustus,86506.89
Kabupaten Jember,2022,September,35457.58
Kabupaten Jember,2022,Oktober,23723.25
Kabupaten Jember,2022,November,14589.77
Kabupaten Jember,2022,Desember,17569.12
Kabupaten Jember,2023,Januari,34925.84
Kabupaten Jember,2023,Februari,31132.97
Kabupaten Jember,2023,Maret,95937.54
Kabupaten Jember,2023,April,137142.62
Kabupaten Jember,2023,Mei,47046.27
Kabupaten Jember,2023,Juni,41220.51
Kabupaten Jember,2023,Juli,51435.82
Kabupaten Jember,2023,Agustus,83008.54
Kabupaten Jember,2023,September,28360.42
Kabupaten Jember,2023,Oktober,28950.4
Kabupaten Jember,2023,November,17780.19
Kabupaten Jember,2023,Desember,19784.65
Kabupaten Jember,2024,Januari,32137.3
Kabupaten Jember,2024,Februari,37948.27
Kabupaten Jember,2024,Maret,57034.31
Kabupaten Jember,2024,April,152124.69
Kabupaten Jember,2024,Mei,71085.24
Kabupaten Jember,2024,Juni,44278.07
Kabupaten Jember,2024,Juli,34662.48
Kabupaten Jember,2024,Agustus,84699.05
Kabupaten Jember,2024,September,47343.97
Kabupaten Jember,2024,Oktober,27712.36
Kabupaten Jember,2024,November,18045.13
Kabupaten Jember,2024,Desember,16194.01
Kabupaten Jombang,2018,Januari,1456.1
Kabupaten Jombang,2018,Februari,24501.94
Kabupaten Jombang,2018,Maret,112790.38
Kabupaten Jombang,2018,April,76791.59
Kabupaten Jombang,2018,Mei,2429.36
Kabupaten Jombang,2018,Juni,12685.0
Kabupaten Jombang,2018,Juli,72077.35
Kabupaten Jombang,2018,Agustus,47171.51
Kabupaten Jombang,2018,September,22980.74
Kabupaten Jombang,2018,Oktober,1716.1
Kabupaten Jombang,2018,November,9195.01
Kabupaten Jombang,2018,Desember,9978.21
Kabupaten Jombang,2019,Januari,3187.49
Kabupaten Jombang,2019,Februari,8133.39
Kabupaten Jombang,2019,Maret,55485.17
Kabupaten Jombang,2019,April,115053.7
Kabupaten Jombang,2019,Mei,15164.15
Kabupaten Jombang,2019,Juni,6224.26
Kabupaten Jombang,2019,Juli,39615.87
Kabupaten Jombang,2019,Agustus,46535.07
Kabupaten Jombang,2019,September,26115.76
Kabupaten Jombang,2019,Oktober,14597.8
Kabupaten Jombang,2019,November,5247.24
Kabupaten Jombang,2019,Desember,8876.44
Kabupaten Jombang,2020,Januari,5353.16
Kabupaten Jombang,2020,Februari,10135.68
Kabupaten Jombang,2020,Maret,25075.67
Kabupaten Jombang,2020,April,100096.01
Kabupaten Jombang,2020,Mei,58590.26
Kabupaten Jombang,2020,Juni,2468.91
Kabupaten Jombang,2020,Juli,29143.12
Kabupaten Jombang,2020,Agustus,34156.33
Kabupaten Jombang,2020,September,34813.05
Kabupaten Jombang,2020,Oktober,24130.68
Kabupaten Jombang,2020,November,9867.06
Kabupaten Jombang,2020,Desember,9333.97
Kabupaten Jombang,2021,Januari,2955.68
Kabupaten Jombang,2021,Februari,2059.76
Kabupaten Jombang,2021,Maret,52751.82
Kabupaten Jombang,2021,April,116041.31
Kabupaten Jombang,2021,Mei,15390.79
Kabupaten Jombang,2021,Juni,2263.33
Kabupaten Jombang,2021,Juli,32015.3
Kabupaten Jombang,2021,Agustus,45696.96
Kabupaten Jombang,2021,September,41002.98
Kabupaten Jombang,2021,Oktober,591.25
Kabupaten Jombang,2021,November,5498.04
Kabupaten Jombang,2021,Desember,10559.42
Kabupaten Jombang,2022,Januari,6587.3
Kabupaten Jombang,2022,Februari,1270.56
Kabupaten Jombang,2022,Maret,52063.26
Kabupaten Jombang,2022,April,107143.18
Kabupaten Jombang,2022,Mei,30334.59
Kabupaten Jombang,2022,Juni,2984.22
Kabupaten Jombang,2022,Juli,30468.69
Kabupaten Jombang,2022,Agustus,49348.01
Kabupaten Jombang,2022,September,36268.25
Kabupaten Jombang,2022,Oktober,4288.48
Kabupaten Jombang,2022,November,6489.33
Kabupaten Jombang,2022,Desember,9926.27
Kabupaten Jombang,2023,Januari,7806.56
Kabupaten Jombang,2023,Februari,2518.14
Kabupaten Jombang,2023,Maret,64491.48
Kabupaten Jombang,2023,April,106452.48
Kabupaten Jombang,2023,Mei,18359.34
Kabupaten Jombang,2023,Juni,3937.72
Kabupaten Jombang,2023,Juli,34672.39
Kabupaten Jombang,2023,Agustus,53117.41
Kabupaten Jombang,2023,September,29743.89
Kabupaten Jombang,2023,Oktober,8359.88
Kabupaten Jombang,2023,November,5740.72
Kabupaten Jombang,2023,Desember,11673.44
Kabupaten Jombang,2024,Januari,5836.85
Kabupaten Jombang,2024,Februari,1492.25
Kabupaten Jombang,2024,Maret,35665.07
Kabupaten Jombang,2024,April,114893.04
Kabupaten Jombang,2024,Mei,35472.13
Kabupaten Jombang,2024,Juni,3013.39
Kabupaten Jombang,2024,Juli,26482.26
Kabupaten Jombang,2024,Agustus,46113.19
Kabupaten Jombang,2024,September,40585.14
Kabupaten Jombang,2024,Oktober,13558.1
Kabupaten Jombang,2024,November,4065.05
Kabupaten Jombang,2024,Desember,15114.85
Kabupaten Kediri,2018,Januari,3391.66
Kabupaten Kediri,2018,Februari,12358.98
Kabupaten Kediri,2018,Maret,68788.9
Kabupaten Kediri,2018,April,34595.0
Kabupaten Kediri,2018,Mei,9261.07
Kabupaten Kediri,2018,Juni,12542.02
Kabupaten Kediri,2018,Juli,35752.48
Kabupaten Kediri,2018,Agustus,13536.18
Kabupaten Kediri,2018,September,6343.24
Kabupaten Kediri,2018,Oktober,6533.19
Kabupaten Kediri,2018,November,11487.45
Kabupaten Kediri,2018,Desember,5244.66
Kabupaten Kediri,2019,Januari,7363.99
Kabupaten Kediri,2019,Februari,10754.81
Kabupaten Kediri,2019,Maret,65559.19
Kabupaten Kediri,2019,April,43303.7
Kabupaten Kediri,2019,Mei,7956.93
Kabupaten Kediri,2019,Juni,6320.49
Kabupaten Kediri,2019,Juli,38096.62
Kabupaten Kediri,2019,Agustus,22075.46
Kabupaten Kediri,2019,September,4823.57
Kabupaten Kediri,2019,Oktober,1980.86
Kabupaten Kediri,2019,November,8067.92
Kabupaten Kediri,2019,Desember,6534.28
Kabupaten Kediri,2020,Januari,8536.85
Kabupaten Kediri,2020,Februari,6063.19
Kabupaten Kediri,2020,Maret,55726.05
Kabupaten Kediri,2020,April,56372.71
Kabupaten Kediri,2020,Mei,12634.62
Kabupaten Kediri,2020,Juni,5421.65
Kabupaten Kediri,2020,Juli,32666.34
Kabupaten Kediri,2020,Agustus,17713.75
Kabupaten Kediri,2020,September,5318.86
Kabupaten Kediri,2020,Oktober,4600.14
Kabupaten Kediri,2020,November,6485.08
Kabupaten Kediri,2020,Desember,4374.17
Kabupaten Kediri,2021,Januari,5048.24
Kabupaten Kediri,2021,Februari,5712.86
Kabupaten Kediri,2021,Maret,54046.94
Kabupaten Kediri,2021,April,49110.37
Kabupaten Kediri,2021,Mei,6952.79
Kabupaten Kediri,2021,Juni,4258.15
Kabupaten Kediri,2021,Juli,33539.58
Kabupaten Kediri,2021,Agustus,16184.12
Kabupaten Kediri,2021,September,4028.96
Kabupaten Kediri,2021,Oktober,5480.41
Kabupaten Kediri,2021,November,4398.58
Kabupaten Kediri,2021,Desember,9461.01
Kabupaten Kediri,2022,Januari,3982.84
Kabupaten Kediri,2022,Februari,6444.23
Kabupaten Kediri,2022,Maret,51324.93
Kabupaten Kediri,2022,April,40549.24
Kabupaten Kediri,2022,Mei,4447.09
Kabupaten Kediri,2022,Juni,4190.83
Kabupaten Kediri,2022,Juli,32404.48
Kabupaten Kediri,2022,Agustus,8527.89
Kabupaten Kediri,2022,September,4829.49
Kabupaten Kediri,2022,Oktober,905.44
Kabupaten Kediri,2022,November,6268.99
Kabupaten Kediri,2022,Desember,4978.1
Kabupaten Kediri,2023,Januari,8415.53
Kabupaten Kediri,2023,Februari,6410.77
Kabupaten Kediri,2023,Maret,50887.0
Kabupaten Kediri,2023,April,37963.58
Kabupaten Kediri,2023,Mei,8589.61
Kabupaten Kediri,2023,Juni,9214.37
Kabupaten Kediri,2023,Juli,28386.24
Kabupaten Kediri,2023,Agustus,11661.46
Kabupaten Kediri,2023,September,7517.03
Kabupaten Kediri,2023,Oktober,4514.02
Kabupaten Kediri,2023,November,4934.13
Kabupaten Kediri,2023,Desember,5040.02
Kabupaten Kediri,2024,Januari,4613.28
Kabupaten Kediri,2024,Februari,6863.24
Kabupaten Kediri,2024,Maret,35940.27
Kabupaten Kediri,2024,April,43962.98
Kabupaten Kediri,2024,Mei,10789.87
Kabupaten Kediri,2024,Juni,5172.9
Kabupaten Kediri,2024,Juli,23642.82
Kabupaten Kediri,2024,Agustus,18307.1
Kabupaten Kediri,2024,September,7389.2
Kabupaten Kediri,2024,Oktober,3892.17
Kabupaten Kediri,2024,November,5754.64
Kabupaten Kediri,2024,Desember,7743.73
Kabupaten Lamongan,2018,Januari,9068.71
Kabupaten Lamongan,2018,Februari,151407.53
Kabupaten Lamongan,2018,Maret,201693.85
Kabupaten Lamongan,2018,April,53572.68
Kabupaten Lamongan,2018,Mei,75277.47
Kabupaten Lamongan,2018,Juni,106307.88
Kabupaten Lamongan,2018,Juli,49252.29
Kabupaten Lamongan,2018,Agustus,92273.37
Kabupaten Lamongan,2018,September,133463.79
Kabupaten Lamongan,2018,Oktober,14511.79
Kabupaten Lamongan,2018,November,4441.35
Kabupaten Lamongan,2018,Desember,5382.2
Kabupaten Lamongan,2019,Januari,18379.62
Kabupaten Lamongan,2019,Februari,54279.39
Kabupaten Lamongan,2019,Maret,177487.12
Kabupaten Lamongan,2019,April,129375.8
Kabupaten Lamongan,2019,Mei,30154.6
Kabupaten Lamongan,2019,Juni,121092.47
Kabupaten Lamongan,2019,Juli,72815.97
Kabupaten Lamongan,2019,Agustus,93795.49
Kabupaten Lamongan,2019,September,101043.67
Kabupaten Lamongan,2019,Oktober,29095.4
Kabupaten Lamongan,2019,November,9353.87
Kabupaten Lamongan,2019,Desember,2851.03
Kabupaten Lamongan,2020,Januari,2079.32
Kabupaten Lamongan,2020,Februari,16730.65
Kabupaten Lamongan,2020,Maret,167716.11
Kabupaten Lamongan,2020,April,180318.87
Kabupaten Lamongan,2020,Mei,44788.12
Kabupaten Lamongan,2020,Juni,65078.01
Kabupaten Lamongan,2020,Juli,86458.58
Kabupaten Lamongan,2020,Agustus,155030.4
Kabupaten Lamongan,2020,September,99009.44
Kabupaten Lamongan,2020,Oktober,58638.27
Kabupaten Lamongan,2020,November,8964.89
Kabupaten Lamongan,2020,Desember,1248.33
Kabupaten Lamongan,2021,Januari,2132.47
Kabupaten Lamongan,2021,Februari,38919.57
Kabupaten Lamongan,2021,Maret,241442.22
Kabupaten Lamongan,2021,April,86994.09
Kabupaten Lamongan,2021,Mei,18362.12
Kabupaten Lamongan,2021,Juni,111250.47
Kabupaten Lamongan,2021,Juli,96313.56
Kabupaten Lamongan,2021,Agustus,87711.58
Kabupaten Lamongan,2021,September,83737.99
Kabupaten Lamongan,2021,Oktober,13852.22
Kabupaten Lamongan,2021,November,8874.96
Kabupaten Lamongan,2021,Desember,3070.84
Kabupaten Lamongan,2022,Januari,5039.56
Kabupaten Lamongan,2022,Februari,117228.39
Kabupaten Lamongan,2022,Maret,252152.07
Kabupaten Lamongan,2022,April,29708.78
Kabupaten Lamongan,2022,Mei,34231.15
Kabupaten Lamongan,2022,Juni,136533.66
Kabupaten Lamongan,2022,Juli,90623.69
Kabupaten Lamongan,2022,Agustus,75716.25
Kabupaten Lamongan,2022,September,62340.06
Kabupaten Lamongan,2022,Oktober,58046.74
Kabupaten Lamongan,2022,November,36736.27
Kabupaten Lamongan,2022,Desember,5525.67
Kabupaten Lamongan,2023,Januari,15162.11
Kabupaten Lamongan,2023,Februari,168447.67
Kabupaten Lamongan,2023,Maret,162628.39
Kabupaten Lamongan,2023,April,23649.89
Kabupaten Lamongan,2023,Mei,60610.06
Kabupaten Lamongan,2023,Juni,119010.87
Kabupaten Lamongan,2023,Juli,57823.47
Kabupaten Lamongan,2023,Agustus,71339.66
Kabupaten Lamongan,2023,September,98069.64
Kabupaten Lamongan,2023,Oktober,13885.52
Kabupaten Lamongan,2023,November,3877.64
Kabupaten Lamongan,2023,Desember,4199.93
Kabupaten Lamongan,2024,Januari,3983.57
Kabupaten Lamongan,2024,Februari,7386.26
Kabupaten Lamongan,2024,Maret,178246.94
Kabupaten Lamongan,2024,April,172955.82
Kabupaten Lamongan,2024,Mei,32427.6
Kabupaten Lamongan,2024,Juni,69402.94
Kabupaten Lamongan,2024,Juli,83230.6
Kabupaten Lamongan,2024,Agustus,90118.22
Kabupaten Lamongan,2024,September,111204.45
Kabupaten Lamongan,2024,Oktober,21822.91
Kabupaten Lamongan,2024,November,1497.6
Kabupaten Lamongan,2024,Desember,4013.75
Kabupaten Lumajang,2018,Januari,12003.15
Kabupaten Lumajang,2018,Februari,17676.5
Kabupaten Lumajang,2018,Maret,40959.73
Kabupaten Lumajang,2018,April,50655.28
Kabupaten Lumajang,2018,Mei,27033.08
Kabupaten Lumajang,2018,Juni,19094.26
Kabupaten Lumajang,2018,Juli,32128.64
Kabupaten Lumajang,2018,Agustus,38502.16
Kabupaten Lumajang,2018,September,12114.68
Kabupaten Lumajang,2018,Oktober,11610.27
Kabupaten Lumajang,2018,November,16089.82
Kabupaten Lumajang,2018,Desember,32869.25
Kabupaten Lumajang,2019,Januari,19131.24
Kabupaten Lumajang,2019,Februari,11339.24
Kabupaten Lumajang,2019,Maret,23096.22
Kabupaten Lumajang,2019,April,60579.46
Kabupaten Lumajang,2019,Mei,32167.38
Kabupaten Lumajang,2019,Juni,12401.87
Kabupaten Lumajang,2019,Juli,18567.33
Kabupaten Lumajang,2019,Agustus,39596.37
Kabupaten Lumajang,2019,September,22284.34
Kabupaten Lumajang,2019,Oktober,13936.79
Kabupaten Lumajang,2019,November,12834.7
Kabupaten Lumajang,2019,Desember,17959.28
Kabupaten Lumajang,2020,Januari,24849.94
Kabupaten Lumajang,2020,Februari,10569.43
Kabupaten Lumajang,2020,Maret,17740.79
Kabupaten Lumajang,2020,April,46662.41
Kabupaten Lumajang,2020,Mei,41602.08
Kabupaten Lumajang,2020,Juni,20889.57
Kabupaten Lumajang,2020,Juli,15563.06
Kabupaten Lumajang,2020,Agustus,33169.17
Kabupaten Lumajang,2020,September,25433.13
Kabupaten Lumajang,2020,Oktober,17466.2
Kabupaten Lumajang,2020,November,19949.68
Kabupaten Lumajang,2020,Desember,16792.75
Kabupaten Lumajang,2021,Januari,26504.42
Kabupaten Lumajang,2021,Februari,18700.53
Kabupaten Lumajang,2021,Maret,17623.87
Kabupaten Lumajang,2021,April,43349.94
Kabupaten Lumajang,2021,Mei,34869.73
Kabupaten Lumajang,2021,Juni,26434.92
Kabupaten Lumajang,2021,Juli,19935.8
Kabupaten Lumajang,2021,Agustus,22916.47
Kabupaten Lumajang,2021,September,25874.17
Kabupaten Lumajang,2021,Oktober,23075.44
Kabupaten Lumajang,2021,November,15297.66
Kabupaten Lumajang,2021,Desember,20492.57
Kabupaten Lumajang,2022,Januari,25843.22
Kabupaten Lumajang,2022,Februari,24130.7
Kabupaten Lumajang,2022,Maret,33313.22
Kabupaten Lumajang,2022,April,39020.58
Kabupaten Lumajang,2022,Mei,26150.05
Kabupaten Lumajang,2022,Juni,30555.16
Kabupaten Lumajang,2022,Juli,26449.33
Kabupaten Lumajang,2022,Agustus,17948.05
Kabupaten Lumajang,2022,September,15068.96
Kabupaten Lumajang,2022,Oktober,22117.27
Kabupaten Lumajang,2022,November,21622.65
Kabupaten Lumajang,2022,Desember,18609.82
Kabupaten Lumajang,2023,Januari,17374.42
Kabupaten Lumajang,2023,Februari,23227.76
Kabupaten Lumajang,2023,Maret,43359.1
Kabupaten Lumajang,2023,April,38600.12
Kabupaten Lumajang,2023,Mei,19698.68
Kabupaten Lumajang,2023,Juni,31116.16
Kabupaten Lumajang,2023,Juli,29020.53
Kabupaten Lumajang,2023,Agustus,25619.62
Kabupaten Lumajang,2023,September,14662.07
Kabupaten Lumajang,2023,Oktober,14336.35
Kabupaten Lumajang,2023,November,22294.89
Kabupaten Lumajang,2023,Desember,29336.38
Kabupaten Lumajang,2024,Januari,15245.06
Kabupaten Lumajang,2024,Februari,11931.89
Kabupaten Lumajang,2024,Maret,18735.4
Kabupaten Lumajang,2024,April,39259.49
Kabupaten Lumajang,2024,Mei,35045.14
Kabupaten Lumajang,2024,Juni,23910.3
Kabupaten Lumajang,2024,Juli,18379.41
Kabupaten Lumajang,2024,Agustus,27981.16
Kabupaten Lumajang,2024,September,22592.93
Kabupaten Lumajang,2024,Oktober,12990.92
Kabupaten Lumajang,2024,November,16588.7
Kabupaten Lumajang,2024,Desember,14460.25
Kabupaten Madiun,2018,Januari,812.18
Kabupaten Madiun,2018,Februari,29563.39
Kabupaten Madiun,2018,Maret,94455.58
Kabupaten Madiun,2018,April,22373.18
Kabupaten Madiun,2018,Mei,2076.72
Kabupaten Madiun,2018,Juni,60801.53
Kabupaten Madiun,2018,Juli,70771.25
Kabupaten Madiun,2018,Agustus,15288.49
Kabupaten Madiun,2018,September,2288.4
Kabupaten Madiun,2018,Oktober,37182.1
Kabupaten Madiun,2018,November,51983.96
Kabupaten Madiun,2018,Desember,17356.32
Kabupaten Madiun,2019,Januari,1459.34
Kabupaten Madiun,2019,Februari,6057.87
Kabupaten Madiun,2019,Maret,97968.41
Kabupaten Madiun,2019,April,48841.73
Kabupaten Madiun,2019,Mei,514.16
Kabupaten Madiun,2019,Juni,15722.39
Kabupaten Madiun,2019,Juli,108813.79
Kabupaten Madiun,2019,Agustus,31623.79
Kabupaten Madiun,2019,September,3788.9
Kabupaten Madiun,2019,Oktober,14438.33
Kabupaten Madiun,2019,November,70653.76
Kabupaten Madiun,2019,Desember,19409.97
Kabupaten Madiun,2020,Januari,8625.44
Kabupaten Madiun,2020,Februari,3599.98
Kabupaten Madiun,2020,Maret,75688.09
Kabupaten Madiun,2020,April,75453.66
Kabupaten Madiun,2020,Mei,5914.65
Kabupaten Madiun,2020,Juni,3685.5
Kabupaten Madiun,2020,Juli,101986.07
Kabupaten Madiun,2020,Agustus,46552.5
Kabupaten Madiun,2020,September,2497.94
Kabupaten Madiun,2020,Oktober,6569.86
Kabupaten Madiun,2020,November,81988.01
Kabupaten Madiun,2020,Desember,33490.68
Kabupaten Madiun,2021,Januari,8073.36
Kabupaten Madiun,2021,Februari,1449.23
Kabupaten Madiun,2021,Maret,95998.01
Kabupaten Madiun,2021,April,64029.3
Kabupaten Madiun,2021,Mei,5624.59
Kabupaten Madiun,2021,Juni,7925.8
Kabupaten Madiun,2021,Juli,114348.36
Kabupaten Madiun,2021,Agustus,40605.62
Kabupaten Madiun,2021,September,4684.54
Kabupaten Madiun,2021,Oktober,7270.5
Kabupaten Madiun,2021,November,76464.9
Kabupaten Madiun,2021,Desember,35323.91
Kabupaten Madiun,2022,Januari,9822.23
Kabupaten Madiun,2022,Februari,882.64
Kabupaten Madiun,2022,Maret,79297.09
Kabupaten Madiun,2022,April,62283.63
Kabupaten Madiun,2022,Mei,15005.43
Kabupaten Madiun,2022,Juni,5393.52
Kabupaten Madiun,2022,Juli,85856.55
Kabupaten Madiun,2022,Agustus,35339.54
Kabupaten Madiun,2022,September,11383.71
Kabupaten Madiun,2022,Oktober,4835.91
Kabupaten Madiun,2022,November,59472.63
Kabupaten Madiun,2022,Desember,32000.81
Kabupaten Madiun,2023,Januari,15149.5
Kabupaten Madiun,2023,Februari,12432.66
Kabupaten Madiun,2023,Maret,51074.27
Kabupaten Madiun,2023,April,67784.05
Kabupaten Madiun,2023,Mei,18840.65
Kabupaten Madiun,2023,Juni,16835.07
Kabupaten Madiun,2023,Juli,58885.89
Kabupaten Madiun,2023,Agustus,64726.23
Kabupaten Madiun,2023,September,11311.42
Kabupaten Madiun,2023,Oktober,15647.74
Kabupaten Madiun,2023,November,44917.28
Kabupaten Madiun,2023,Desember,59988.32
Kabupaten Madiun,2024,Januari,8285.96
Kabupaten Madiun,2024,Februari,8918.83
Kabupaten Madiun,2024,Maret,39832.58
Kabupaten Madiun,2024,April,99215.25
Kabupaten Madiun,2024,Mei,14346.55
Kabupaten Madiun,2024,Juni,9396.97
Kabupaten Madiun,2024,Juli,47977.38
Kabupaten Madiun,2024,Agustus,88020.15
Kabupaten Madiun,2024,September,13835.17
Kabupaten Madiun,2024,Oktober,9450.78
Kabupaten Madiun,2024,November,43346.02
Kabupaten Madiun,2024,Desember,54832.61
Kabupaten Magetan,2018,Januari,2772.92
Kabupaten Magetan,2018,Februari,37447.38
Kabupaten Magetan,2018,Maret,64277.42
Kabupaten Magetan,2018,April,12022.49
Kabupaten Magetan,2018,Mei,16196.5
Kabupaten Magetan,2018,Juni,60003.61
Kabupaten Magetan,2018,Juli,39175.87
Kabupaten Magetan,2018,Agustus,4642.18
Kabupaten Magetan,2018,September,5288.16
Kabupaten Magetan,2018,Oktober,14452.18
Kabupaten Magetan,2018,November,28624.57
Kabupaten Magetan,2018,Desember,4555.09
Kabupaten Magetan,2019,Januari,1764.91
Kabupaten Magetan,2019,Februari,12328.0
Kabupaten Magetan,2019,Maret,73480.11
Kabupaten Magetan,2019,April,15846.76
Kabupaten Magetan,2019,Mei,3883.66
Kabupaten Magetan,2019,Juni,37512.02
Kabupaten Magetan,2019,Juli,40005.35
Kabupaten Magetan,2019,Agustus,7737.99
Kabupaten Magetan,2019,September,4002.38
Kabupaten Magetan,2019,Oktober,13369.8
Kabupaten Magetan,2019,November,44835.16
Kabupaten Magetan,2019,Desember,5905.21
Kabupaten Magetan,2020,Januari,1286.08
Kabupaten Magetan,2020,Februari,9739.49
Kabupaten Magetan,2020,Maret,81796.4
Kabupaten Magetan,2020,April,32967.06
Kabupaten Magetan,2020,Mei,6049.4
Kabupaten Magetan,2020,Juni,19701.65
Kabupaten Magetan,2020,Juli,57586.8
Kabupaten Magetan,2020,Agustus,12990.54
Kabupaten Magetan,2020,September,2500.14
Kabupaten Magetan,2020,Oktober,32381.79
Kabupaten Magetan,2020,November,45301.6
Kabupaten Magetan,2020,Desember,6752.12
Kabupaten Magetan,2021,Januari,1155.68
Kabupaten Magetan,2021,Februari,14598.06
Kabupaten Magetan,2021,Maret,83757.28
Kabupaten Magetan,2021,April,19574.87
Kabupaten Magetan,2021,Mei,7084.68
Kabupaten Magetan,2021,Juni,40466.31
Kabupaten Magetan,2021,Juli,60346.04
Kabupaten Magetan,2021,Agustus,6912.65
Kabupaten Magetan,2021,September,6087.08
Kabupaten Magetan,2021,Oktober,20166.78
Kabupaten Magetan,2021,November,35362.71
Kabupaten Magetan,2021,Desember,11767.54
Kabupaten Magetan,2022,Januari,954.88
Kabupaten Magetan,2022,Februari,14151.19
Kabupaten Magetan,2022,Maret,71997.66
Kabupaten Magetan,2022,April,24588.75
Kabupaten Magetan,2022,Mei,4480.96
Kabupaten Magetan,2022,Juni,36569.8
Kabupaten Magetan,2022,Juli,46137.03
Kabupaten Magetan,2022,Agustus,8386.29
Kabupaten Magetan,2022,September,4144.08
Kabupaten Magetan,2022,Oktober,13897.89
Kabupaten Magetan,2022,November,31205.99
Kabupaten Magetan,2022,Desember,10185.37
Kabupaten Magetan,2023,Januari,2028.9
Kabupaten Magetan,2023,Februari,10593.63
Kabupaten Magetan,2023,Maret,77194.13
Kabupaten Magetan,2023,April,21362.07
Kabupaten Magetan,2023,Mei,4364.56
Kabupaten Magetan,2023,Juni,40705.82
Kabupaten Magetan,2023,Juli,42330.0
Kabupaten Magetan,2023,Agustus,15720.62
Kabupaten Magetan,2023,September,8137.28
Kabupaten Magetan,2023,Oktober,6433.18
Kabupaten Magetan,2023,November,32905.05
Kabupaten Magetan,2023,Desember,18816.85
Kabupaten Magetan,2024,Januari,796.67
Kabupaten Magetan,2024,Februari,7155.53
Kabupaten Magetan,2024,Maret,66837.97
Kabupaten Magetan,2024,April,33130.68
Kabupaten Magetan,2024,Mei,5830.76
Kabupaten Magetan,2024,Juni,36656.94
Kabupaten Magetan,2024,Juli,41017.12
Kabupaten Magetan,2024,Agustus,22281.28
Kabupaten Magetan,2024,September,706.15
Kabupaten Magetan,2024,Oktober,12222.39
Kabupaten Magetan,2024,November,26434.54
Kabupaten Magetan,2024,Desember,19176.02
Kabupaten Malang,2018,Januari,12267.24
Kabupaten Malang,2018,Februari,11593.92
Kabupaten Malang,2018,Maret,28946.68
Kabupaten Malang,2018,April,55664.58
Kabupaten Malang,2018,Mei,27351.58
Kabupaten Malang,2018,Juni,27238.83
Kabupaten Malang,2018,Juli,15560.16
Kabupaten Malang,2018,Agustus,22119.22
Kabupaten Malang,2018,September,29991.31
Kabupaten Malang,2018,Oktober,20920.14
Kabupaten Malang,2018,November,21286.76
Kabupaten Malang,2018,Desember,15079.48
Kabupaten Malang,2019,Januari,20509.11
Kabupaten Malang,2019,Februari,11416.22
Kabupaten Malang,2019,Maret,21724.71
Kabupaten Malang,2019,April,47780.37
Kabupaten Malang,2019,Mei,36030.88
Kabupaten Malang,2019,Juni,31549.23
Kabupaten Malang,2019,Juli,17582.24
Kabupaten Malang,2019,Agustus,17445.05
Kabupaten Malang,2019,September,26843.24
Kabupaten Malang,2019,Oktober,17450.11
Kabupaten Malang,2019,November,18576.79
Kabupaten Malang,2019,Desember,14164.31
Kabupaten Malang,2020,Januari,19687.31
Kabupaten Malang,2020,Februari,12929.94
Kabupaten Malang,2020,Maret,16296.26
Kabupaten Malang,2020,April,26997.73
Kabupaten Malang,2020,Mei,45943.72
Kabupaten Malang,2020,Juni,36566.85
Kabupaten Malang,2020,Juli,18664.26
Kabupaten Malang,2020,Agustus,20864.05
Kabupaten Malang,2020,September,22100.15
Kabupaten Malang,2020,Oktober,23719.8
Kabupaten Malang,2020,November,17813.11
Kabupaten Malang,2020,Desember,12806.64
Kabupaten Malang,2021,Januari,16774.25
Kabupaten Malang,2021,Februari,19447.32
Kabupaten Malang,2021,Maret,28799.36
Kabupaten Malang,2021,April,40596.83
Kabupaten Malang,2021,Mei,27393.78
Kabupaten Malang,2021,Juni,24282.68
Kabupaten Malang,2021,Juli,29843.72
Kabupaten Malang,2021,Agustus,27731.94
Kabupaten Malang,2021,September,13416.69
Kabupaten Malang,2021,Oktober,18229.67
Kabupaten Malang,2021,November,13864.58
Kabupaten Malang,2021,Desember,12977.79
Kabupaten Malang,2022,Januari,26206.97
Kabupaten Malang,2022,Februari,10378.24
Kabupaten Malang,2022,Maret,31248.4
Kabupaten Malang,2022,April,42413.56
Kabupaten Malang,2022,Mei,30193.41
Kabupaten Malang,2022,Juni,21052.72
Kabupaten Malang,2022,Juli,21043.0
Kabupaten Malang,2022,Agustus,19820.58
Kabupaten Malang,2022,September,17482.64
Kabupaten Malang,2022,Oktober,18584.99
Kabupaten Malang,2022,November,16926.94
Kabupaten Malang,2022,Desember,16255.33
Kabupaten Malang,2023,Januari,19480.42
Kabupaten Malang,2023,Februari,10412.11
Kabupaten Malang,2023,Maret,44844.59
Kabupaten Malang,2023,April,36961.54
Kabupaten Malang,2023,Mei,27504.44
Kabupaten Malang,2023,Juni,25265.81
Kabupaten Malang,2023,Juli,23177.8
Kabupaten Malang,2023,Agustus,15335.19
Kabupaten Malang,2023,September,21909.05
Kabupaten Malang,2023,Oktober,22216.84
Kabupaten Malang,2023,November,18155.59
Kabupaten Malang,2023,Desember,14102.53
Kabupaten Malang,2024,Januari,18784.59
Kabupaten Malang,2024,Februari,10053.4
Kabupaten Malang,2024,Maret,13639.15
Kabupaten Malang,2024,April,23956.37
Kabupaten Malang,2024,Mei,39240.68
Kabupaten Malang,2024,Juni,40303.9
Kabupaten Malang,2024,Juli,27318.54
Kabupaten Malang,2024,Agustus,13516.88
Kabupaten Malang,2024,September,11616.02
Kabupaten Malang,2024,Oktober,20183.79
Kabupaten Malang,2024,November,20588.58
Kabupaten Malang,2024,Desember,15591.82
Kabupaten Mojokerto,2018,Januari,4221.65
Kabupaten Mojokerto,2018,Februari,25536.87
Kabupaten Mojokerto,2018,Maret,58304.2
Kabupaten Mojokerto,2018,April,57650.16
Kabupaten Mojokerto,2018,Mei,26008.64
Kabupaten Mojokerto,2018,Juni,18900.83
Kabupaten Mojokerto,2018,Juli,41032.67
Kabupaten Mojokerto,2018,Agustus,36382.95
Kabupaten Mojokerto,2018,September,22751.11
Kabupaten Mojokerto,2018,Oktober,6613.62
Kabupaten Mojokerto,2018,November,8915.76
Kabupaten Mojokerto,2018,Desember,11555.39
Kabupaten Mojokerto,2019,Januari,11537.67
Kabupaten Mojokerto,2019,Februari,10392.84
Kabupaten Mojokerto,2019,Maret,73124.7
Kabupaten Mojokerto,2019,April,74136.67
Kabupaten Mojokerto,2019,Mei,27264.05
Kabupaten Mojokerto,2019,Juni,20851.79
Kabupaten Mojokerto,2019,Juli,35020.89
Kabupaten Mojokerto,2019,Agustus,37609.36
Kabupaten Mojokerto,2019,September,25099.58
Kabupaten Mojokerto,2019,Oktober,10347.94
Kabupaten Mojokerto,2019,November,7828.24
Kabupaten Mojokerto,2019,Desember,6542.15
Kabupaten Mojokerto,2020,Januari,11972.37
Kabupaten Mojokerto,2020,Februari,12549.56
Kabupaten Mojokerto,2020,Maret,12974.64
Kabupaten Mojokerto,2020,April,103992.37
Kabupaten Mojokerto,2020,Mei,28635.43
Kabupaten Mojokerto,2020,Juni,16267.08
Kabupaten Mojokerto,2020,Juli,36969.37
Kabupaten Mojokerto,2020,Agustus,37782.7
Kabupaten Mojokerto,2020,September,23247.1
Kabupaten Mojokerto,2020,Oktober,13382.65
Kabupaten Mojokerto,2020,November,10693.19
Kabupaten Mojokerto,2020,Desember,4219.91
Kabupaten Mojokerto,2021,Januari,9386.61
Kabupaten Mojokerto,2021,Februari,1609.37
Kabupaten Mojokerto,2021,Maret,46376.26
Kabupaten Mojokerto,2021,April,76140.2
Kabupaten Mojokerto,2021,Mei,32724.87
Kabupaten Mojokerto,2021,Juni,16083.69
Kabupaten Mojokerto,2021,Juli,37453.05
Kabupaten Mojokerto,2021,Agustus,27927.45
Kabupaten Mojokerto,2021,September,15313.33
Kabupaten Mojokerto,2021,Oktober,17876.76
Kabupaten Mojokerto,2021,November,10129.97
Kabupaten Mojokerto,2021,Desember,6020.76
Kabupaten Mojokerto,2022,Januari,5459.45
Kabupaten Mojokerto,2022,Februari,17142.15
Kabupaten Mojokerto,2022,Maret,45864.99
Kabupaten Mojokerto,2022,April,69622.59
Kabupaten Mojokerto,2022,Mei,26522.39
Kabupaten Mojokerto,2022,Juni,22588.47
Kabupaten Mojokerto,2022,Juli,24030.68
Kabupaten Mojokerto,2022,Agustus,27236.44
Kabupaten Mojokerto,2022,September,15397.86
Kabupaten Mojokerto,2022,Oktober,13415.13
Kabupaten Mojokerto,2022,November,5033.78
Kabupaten Mojokerto,2022,Desember,9515.48
Kabupaten Mojokerto,2023,Januari,8158.9
Kabupaten Mojokerto,2023,Februari,28759.8
Kabupaten Mojokerto,2023,Maret,47996.69
Kabupaten Mojokerto,2023,April,48971.98
Kabupaten Mojokerto,2023,Mei,36818.84
Kabupaten Mojokerto,2023,Juni,26716.53
Kabupaten Mojokerto,2023,Juli,26367.89
Kabupaten Mojokerto,2023,Agustus,29606.56
Kabupaten Mojokerto,2023,September,18056.27
Kabupaten Mojokerto,2023,Oktober,14145.09
Kabupaten Mojokerto,2023,November,8887.86
Kabupaten Mojokerto,2023,Desember,8404.34
Kabupaten Mojokerto,2024,Januari,5887.05
Kabupaten Mojokerto,2024,Februari,4550.0
Kabupaten Mojokerto,2024,Maret,30494.51
Kabupaten Mojokerto,2024,April,84210.96
Kabupaten Mojokerto,2024,Mei,37615.43
Kabupaten Mojokerto,2024,Juni,13562.47
Kabupaten Mojokerto,2024,Juli,20940.04
Kabupaten Mojokerto,2024,Agustus,26126.3
Kabupaten Mojokerto,2024,September,29874.27
Kabupaten Mojokerto,2024,Oktober,17472.17
Kabupaten Mojokerto,2024,November,10453.47
Kabupaten Mojokerto,2024,Desember,4527.77
Kabupaten Nganjuk,2018,Januari,1747.06
Kabupaten Nganjuk,2018,Februari,32371.45
Kabupaten Nganjuk,2018,Maret,127141.72
Kabupaten Nganjuk,2018,April,41488.96
Kabupaten Nganjuk,2018,Mei,7848.62
Kabupaten Nganjuk,2018,Juni,55957.96
Kabupaten Nganjuk,2018,Juli,73602.51
Kabupaten Nganjuk,2018,Agustus,9438.41
Kabupaten Nganjuk,2018,September,13907.9
Kabupaten Nganjuk,2018,Oktober,10970.72
Kabupaten Nganjuk,2018,November,16130.39
Kabupaten Nganjuk,2018,Desember,4779.42
Kabupaten Nganjuk,2019,Januari,10599.54
Kabupaten Nganjuk,2019,Februari,14562.77
Kabupaten Nganjuk,2019,Maret,111775.0
Kabupaten Nganjuk,2019,April,63369.96
Kabupaten Nganjuk,2019,Mei,24190.39
Kabupaten Nganjuk,2019,Juni,41513.81
Kabupaten Nganjuk,2019,Juli,75452.17
Kabupaten Nganjuk,2019,Agustus,14967.47
Kabupaten Nganjuk,2019,September,13078.26
Kabupaten Nganjuk,2019,Oktober,9841.12
Kabupaten Nganjuk,2019,November,16005.27
Kabupaten Nganjuk,2019,Desember,4489.92
Kabupaten Nganjuk,2020,Januari,8134.94
Kabupaten Nganjuk,2020,Februari,15133.16
Kabupaten Nganjuk,2020,Maret,108599.02
Kabupaten Nganjuk,2020,April,81998.34
Kabupaten Nganjuk,2020,Mei,26727.57
Kabupaten Nganjuk,2020,Juni,30001.39
Kabupaten Nganjuk,2020,Juli,87799.78
Kabupaten Nganjuk,2020,Agustus,24722.41
Kabupaten Nganjuk,2020,September,11599.68
Kabupaten Nganjuk,2020,Oktober,13896.29
Kabupaten Nganjuk,2020,November,19477.53
Kabupaten Nganjuk,2020,Desember,8793.94
Kabupaten Nganjuk,2021,Januari,8321.07
Kabupaten Nganjuk,2021,Februari,19717.34
Kabupaten Nganjuk,2021,Maret,119196.59
Kabupaten Nganjuk,2021,April,74521.84
Kabupaten Nganjuk,2021,Mei,11534.71
Kabupaten Nganjuk,2021,Juni,43806.17
Kabupaten Nganjuk,2021,Juli,83622.96
Kabupaten Nganjuk,2021,Agustus,15258.85
Kabupaten Nganjuk,2021,September,13048.98
Kabupaten Nganjuk,2021,Oktober,14417.27
Kabupaten Nganjuk,2021,November,18373.44
Kabupaten Nganjuk,2021,Desember,7491.79
Kabupaten Nganjuk,2022,Januari,6549.39
Kabupaten Nganjuk,2022,Februari,18028.09
Kabupaten Nganjuk,2022,Maret,109981.07
Kabupaten Nganjuk,2022,April,64400.31
Kabupaten Nganjuk,2022,Mei,8352.44
Kabupaten Nganjuk,2022,Juni,38569.55
Kabupaten Nganjuk,2022,Juli,65424.17
Kabupaten Nganjuk,2022,Agustus,15950.43
Kabupaten Nganjuk,2022,September,11018.52
Kabupaten Nganjuk,2022,Oktober,10678.05
Kabupaten Nganjuk,2022,November,15635.65
Kabupaten Nganjuk,2022,Desember,11888.76
Kabupaten Nganjuk,2023,Januari,11374.57
Kabupaten Nganjuk,2023,Februari,17146.35
Kabupaten Nganjuk,2023,Maret,124582.85
Kabupaten Nganjuk,2023,April,59784.14
Kabupaten Nganjuk,2023,Mei,14696.76
Kabupaten Nganjuk,2023,Juni,56735.11
Kabupaten Nganjuk,2023,Juli,68561.17
Kabupaten Nganjuk,2023,Agustus,14445.31
Kabupaten Nganjuk,2023,September,13345.63
Kabupaten Nganjuk,2023,Oktober,12559.14
Kabupaten Nganjuk,2023,November,15745.67
Kabupaten Nganjuk,2023,Desember,9119.41
Kabupaten Nganjuk,2024,Januari,4618.13
Kabupaten Nganjuk,2024,Februari,10439.49
Kabupaten Nganjuk,2024,Maret,94036.73
Kabupaten Nganjuk,2024,April,81859.09
Kabupaten Nganjuk,2024,Mei,26437.0
Kabupaten Nganjuk,2024,Juni,33226.75
Kabupaten Nganjuk,2024,Juli,70442.03
Kabupaten Nganjuk,2024,Agustus,24121.45
Kabupaten Nganjuk,2024,September,13089.81
Kabupaten Nganjuk,2024,Oktober,15992.92
Kabupaten Nganjuk,2024,November,17652.48
Kabupaten Nganjuk,2024,Desember,13059.21
Kabupaten Ngawi,2018,Januari,6802.98
Kabupaten Ngawi,2018,Februari,109542.01
Kabupaten Ngawi,2018,Maret,119519.34
Kabupaten Ngawi,2018,April,22503.72
Kabupaten Ngawi,2018,Mei,26324.0
Kabupaten Ngawi,2018,Juni,125826.01
Kabupaten Ngawi,2018,Juli,97148.61
Kabupaten Ngawi,2018,Agustus,23686.31
Kabupaten Ngawi,2018,September,23755.02
Kabupaten Ngawi,2018,Oktober,94152.88
Kabupaten Ngawi,2018,November,79261.68
Kabupaten Ngawi,2018,Desember,18240.04
Kabupaten Ngawi,2019,Januari,10484.94
Kabupaten Ngawi,2019,Februari,53932.03
Kabupaten Ngawi,2019,Maret,186344.19
Kabupaten Ngawi,2019,April,33460.56
Kabupaten Ngawi,2019,Mei,17346.31
Kabupaten Ngawi,2019,Juni,115147.64
Kabupaten Ngawi,2019,Juli,117077.85
Kabupaten Ngawi,2019,Agustus,21583.92
Kabupaten Ngawi,2019,September,17756.72
Kabupaten Ngawi,2019,Oktober,74541.46
Kabupaten Ngawi,2019,November,101192.5
Kabupaten Ngawi,2019,Desember,28322.24
Kabupaten Ngawi,2020,Januari,7564.73
Kabupaten Ngawi,2020,Februari,27350.93
Kabupaten Ngawi,2020,Maret,216342.48
Kabupaten Ngawi,2020,April,46406.85
Kabupaten Ngawi,2020,Mei,8079.76
Kabupaten Ngawi,2020,Juni,53091.68
Kabupaten Ngawi,2020,Juli,185518.77
Kabupaten Ngawi,2020,Agustus,34749.66
Kabupaten Ngawi,2020,September,4286.08
Kabupaten Ngawi,2020,Oktober,54349.92
Kabupaten Ngawi,2020,November,164079.43
Kabupaten Ngawi,2020,Desember,35952.86
Kabupaten Ngawi,2021,Januari,4448.31
Kabupaten Ngawi,2021,Februari,36572.31
Kabupaten Ngawi,2021,Maret,182606.32
Kabupaten Ngawi,2021,April,48776.05
Kabupaten Ngawi,2021,Mei,9294.24
Kabupaten Ngawi,2021,Juni,60280.26
Kabupaten Ngawi,2021,Juli,167253.37
Kabupaten Ngawi,2021,Agustus,32254.39
Kabupaten Ngawi,2021,September,3880.68
Kabupaten Ngawi,2021,Oktober,67235.52
Kabupaten Ngawi,2021,November,132677.47
Kabupaten Ngawi,2021,Desember,41196.73
Kabupaten Ngawi,2022,Januari,5184.08
Kabupaten Ngawi,2022,Februari,37705.42
Kabupaten Ngawi,2022,Maret,161888.54
Kabupaten Ngawi,2022,April,72821.87
Kabupaten Ngawi,2022,Mei,6447.01
Kabupaten Ngawi,2022,Juni,52579.48
Kabupaten Ngawi,2022,Juli,148533.65
Kabupaten Ngawi,2022,Agustus,42046.51
Kabupaten Ngawi,2022,September,5947.46
Kabupaten Ngawi,2022,Oktober,36289.56
Kabupaten Ngawi,2022,November,133000.33
Kabupaten Ngawi,2022,Desember,53495.04
Kabupaten Ngawi,2023,Januari,9238.74
Kabupaten Ngawi,2023,Februari,12573.66
Kabupaten Ngawi,2023,Maret,168875.14
Kabupaten Ngawi,2023,April,76167.68
Kabupaten Ngawi,2023,Mei,13985.88
Kabupaten Ngawi,2023,Juni,33955.28
Kabupaten Ngawi,2023,Juli,142225.58
Kabupaten Ngawi,2023,Agustus,74862.19
Kabupaten Ngawi,2023,September,9963.7
Kabupaten Ngawi,2023,Oktober,19450.39
Kabupaten Ngawi,2023,November,121420.55
Kabupaten Ngawi,2023,Desember,88532.58
Kabupaten Ngawi,2024,Januari,12826.55
Kabupaten Ngawi,2024,Februari,10676.27
Kabupaten Ngawi,2024,Maret,117677.47
Kabupaten Ngawi,2024,April,129355.53
Kabupaten Ngawi,2024,Mei,15742.03
Kabupaten Ngawi,2024,Juni,25367.63
Kabupaten Ngawi,2024,Juli,125246.82
Kabupaten Ngawi,2024,Agustus,103869.41
Kabupaten Ngawi,2024,September,26537.08
Kabupaten Ngawi,2024,Oktober,28967.56
Kabupaten Ngawi,2024,November,101852.09
Kabupaten Ngawi,2024,Desember,67585.09
Kabupaten Pacitan,2018,Januari,3113.91
Kabupaten Pacitan,2018,Februari,9298.99
Kabupaten Pacitan,2018,Maret,22928.59
Kabupaten Pacitan,2018,April,12468.81
Kabupaten Pacitan,2018,Mei,7102.87
Kabupaten Pacitan,2018,Juni,9847.13
Kabupaten Pacitan,2018,Juli,13351.29
Kabupaten Pacitan,2018,Agustus,5124.13
Kabupaten Pacitan,2018,September,2533.14
Kabupaten Pacitan,2018,Oktober,1927.78
Kabupaten Pacitan,2018,November,772.21
Kabupaten Pacitan,2018,Desember,1215.59
Kabupaten Pacitan,2019,Januari,6714.19
Kabupaten Pacitan,2019,Februari,12153.75
Kabupaten Pacitan,2019,Maret,29977.89
Kabupaten Pacitan,2019,April,14779.22
Kabupaten Pacitan,2019,Mei,5124.43
Kabupaten Pacitan,2019,Juni,5233.98
Kabupaten Pacitan,2019,Juli,10507.29
Kabupaten Pacitan,2019,Agustus,4483.32
Kabupaten Pacitan,2019,September,475.37
Kabupaten Pacitan,2019,Oktober,517.33
Kabupaten Pacitan,2019,November,1488.96
Kabupaten Pacitan,2019,Desember,485.93
Kabupaten Pacitan,2020,Januari,157.82
Kabupaten Pacitan,2020,Februari,2748.34
Kabupaten Pacitan,2020,Maret,3585.16
Kabupaten Pacitan,2020,April,36544.03
Kabupaten Pacitan,2020,Mei,12084.42
Kabupaten Pacitan,2020,Juni,5084.02
Kabupaten Pacitan,2020,Juli,5480.04
Kabupaten Pacitan,2020,Agustus,9975.33
Kabupaten Pacitan,2020,September,2673.08
Kabupaten Pacitan,2020,Oktober,2507.78
Kabupaten Pacitan,2020,November,1067.66
Kabupaten Pacitan,2020,Desember,2033.22
Kabupaten Pacitan,2021,Januari,2359.12
Kabupaten Pacitan,2021,Februari,16374.32
Kabupaten Pacitan,2021,Maret,25093.73
Kabupaten Pacitan,2021,April,8038.47
Kabupaten Pacitan,2021,Mei,6590.39
Kabupaten Pacitan,2021,Juni,9046.42
Kabupaten Pacitan,2021,Juli,11213.13
Kabupaten Pacitan,2021,Agustus,1424.31
Kabupaten Pacitan,2021,September,1712.19
Kabupaten Pacitan,2021,Oktober,1069.71
Kabupaten Pacitan,2021,November,4548.93
Kabupaten Pacitan,2021,Desember,645.85
Kabupaten Pacitan,2022,Januari,128.68
Kabupaten Pacitan,2022,Februari,13351.15
Kabupaten Pacitan,2022,Maret,28860.17
Kabupaten Pacitan,2022,April,11659.81
Kabupaten Pacitan,2022,Mei,5065.52
Kabupaten Pacitan,2022,Juni,8810.05
Kabupaten Pacitan,2022,Juli,11470.02
Kabupaten Pacitan,2022,Agustus,2806.76
Kabupaten Pacitan,2022,September,2134.27
Kabupaten Pacitan,2022,Oktober,1779.26
Kabupaten Pacitan,2022,November,3984.2
Kabupaten Pacitan,2022,Desember,378.32
Kabupaten Pacitan,2023,Januari,1970.51
Kabupaten Pacitan,2023,Februari,17220.75
Kabupaten Pacitan,2023,Maret,25014.4
Kabupaten Pacitan,2023,April,10312.46
Kabupaten Pacitan,2023,Mei,2914.51
Kabupaten Pacitan,2023,Juni,13100.51
Kabupaten Pacitan,2023,Juli,9959.72
Kabupaten Pacitan,2023,Agustus,4590.77
Kabupaten Pacitan,2023,September,1107.08
Kabupaten Pacitan,2023,Oktober,758.3
Kabupaten Pacitan,2023,November,3584.29
Kabupaten Pacitan,2023,Desember,2459.34
Kabupaten Pacitan,2024,Januari,321.31
Kabupaten Pacitan,2024,Februari,226.47
Kabupaten Pacitan,2024,Maret,10901.71
Kabupaten Pacitan,2024,April,24184.8
Kabupaten Pacitan,2024,Mei,16062.1
Kabupaten Pacitan,2024,Juni,3167.94
Kabupaten Pacitan,2024,Juli,2024.01
Kabupaten Pacitan,2024,Agustus,7074.23
Kabupaten Pacitan,2024,September,2274.74
Kabupaten Pacitan,2024,Oktober,1048.04
Kabupaten Pacitan,2024,November,376.7
Kabupaten Pacitan,2024,Desember,1988.93
Kabupaten Pamekasan,2018,Januari,0.0
Kabupaten Pamekasan,2018,Februari,15625.1
Kabupaten Pamekasan,2018,Maret,68750.07
Kabupaten Pamekasan,2018,April,17610.25
Kabupaten Pamekasan,2018,Mei,630.98
Kabupaten Pamekasan,2018,Juni,4152.94
Kabupaten Pamekasan,2018,Juli,1018.21
Kabupaten Pamekasan,2018,Agustus,1484.05
Kabupaten Pamekasan,2018,September,2685.06
Kabupaten Pamekasan,2018,Oktober,1316.64
Kabupaten Pamekasan,2018,November,906.16
Kabupaten Pamekasan,2018,Desember,0.0
Kabupaten Pamekasan,2019,Januari,0.0
Kabupaten Pamekasan,2019,Februari,5035.1
Kabupaten Pamekasan,2019,Maret,49671.49
Kabupaten Pamekasan,2019,April,29404.68
Kabupaten Pamekasan,2019,Mei,1045.14
Kabupaten Pamekasan,2019,Juni,1906.63
Kabupaten Pamekasan,2019,Juli,2623.05
Kabupaten Pamekasan,2019,Agustus,329.41
Kabupaten Pamekasan,2019,September,159.3
Kabupaten Pamekasan,2019,Oktober,188.13
Kabupaten Pamekasan,2019,November,559.01
Kabupaten Pamekasan,2019,Desember,391.38
Kabupaten Pamekasan,2020,Januari,142.22
Kabupaten Pamekasan,2020,Februari,578.69
Kabupaten Pamekasan,2020,Maret,6307.08
Kabupaten Pamekasan,2020,April,73429.06
Kabupaten Pamekasan,2020,Mei,16509.59
Kabupaten Pamekasan,2020,Juni,1152.46
Kabupaten Pamekasan,2020,Juli,1187.77
Kabupaten Pamekasan,2020,Agustus,382.65
Kabupaten Pamekasan,2020,September,1031.49
Kabupaten Pamekasan,2020,Oktober,153.33
Kabupaten Pamekasan,2020,November,451.66
Kabupaten Pamekasan,2020,Desember,501.44
Kabupaten Pamekasan,2021,Januari,420.72
Kabupaten Pamekasan,2021,Februari,4697.02
Kabupaten Pamekasan,2021,Maret,76685.19
Kabupaten Pamekasan,2021,April,11065.64
Kabupaten Pamekasan,2021,Mei,1180.66
Kabupaten Pamekasan,2021,Juni,376.97
Kabupaten Pamekasan,2021,Juli,1721.34
Kabupaten Pamekasan,2021,Agustus,257.73
Kabupaten Pamekasan,2021,September,152.08
Kabupaten Pamekasan,2021,Oktober,166.62
Kabupaten Pamekasan,2021,November,0.0
Kabupaten Pamekasan,2021,Desember,0.0
Kabupaten Pamekasan,2022,Januari,0.0
Kabupaten Pamekasan,2022,Februari,5354.67
Kabupaten Pamekasan,2022,Maret,90218.87
Kabupaten Pamekasan,2022,April,5128.61
Kabupaten Pamekasan,2022,Mei,75.75
Kabupaten Pamekasan,2022,Juni,1405.45
Kabupaten Pamekasan,2022,Juli,1116.24
Kabupaten Pamekasan,2022,Agustus,433.44
Kabupaten Pamekasan,2022,September,3915.68
Kabupaten Pamekasan,2022,Oktober,0.0
Kabupaten Pamekasan,2022,November,0.0
Kabupaten Pamekasan,2022,Desember,0.0
Kabupaten Pamekasan,2023,Januari,167.04
Kabupaten Pamekasan,2023,Februari,17887.31
Kabupaten Pamekasan,2023,Maret,84336.61
Kabupaten Pamekasan,2023,April,2207.94
Kabupaten Pamekasan,2023,Mei,321.31
Kabupaten Pamekasan,2023,Juni,2137.7
Kabupaten Pamekasan,2023,Juli,0.0
Kabupaten Pamekasan,2023,Agustus,1278.11
Kabupaten Pamekasan,2023,September,0.0
Kabupaten Pamekasan,2023,Oktober,147.12
Kabupaten Pamekasan,2023,November,0.0
Kabupaten Pamekasan,2023,Desember,0.0
Kabupaten Pamekasan,2024,Januari,0.0
Kabupaten Pamekasan,2024,Februari,0.0
Kabupaten Pamekasan,2024,Maret,17754.96
Kabupaten Pamekasan,2024,April,73742.2
Kabupaten Pamekasan,2024,Mei,9261.51
Kabupaten Pamekasan,2024,Juni,309.58
Kabupaten Pamekasan,2024,Juli,419.71
Kabupaten Pamekasan,2024,Agustus,0.0
Kabupaten Pamekasan,2024,September,5.92
Kabupaten Pamekasan,2024,Oktober,0.0
Kabupaten Pamekasan,2024,November,6.26
Kabupaten Pamekasan,2024,Desember,1.28
Kabupaten Pasuruan,2018,Januari,14519.62
Kabupaten Pasuruan,2018,Februari,13649.11
Kabupaten Pasuruan,2018,Maret,27413.51
Kabupaten Pasuruan,2018,April,59298.9
Kabupaten Pasuruan,2018,Mei,33119.09
Kabupaten Pasuruan,2018,Juni,14856.06
Kabupaten Pasuruan,2018,Juli,27140.07
Kabupaten Pasuruan,2018,Agustus,38676.31
Kabupaten Pasuruan,2018,September,20404.6
Kabupaten Pasuruan,2018,Oktober,19241.56
Kabupaten Pasuruan,2018,November,17319.64
Kabupaten Pasuruan,2018,Desember,16828.02
Kabupaten Pasuruan,2019,Januari,17441.8
Kabupaten Pasuruan,2019,Februari,11672.32
Kabupaten Pasuruan,2019,Maret,22051.7
Kabupaten Pasuruan,2019,April,55680.27
Kabupaten Pasuruan,2019,Mei,31136.33
Kabupaten Pasuruan,2019,Juni,14802.12
Kabupaten Pasuruan,2019,Juli,18759.13
Kabupaten Pasuruan,2019,Agustus,29401.37
Kabupaten Pasuruan,2019,September,21661.59
Kabupaten Pasuruan,2019,Oktober,15323.09
Kabupaten Pasuruan,2019,November,18972.72
Kabupaten Pasuruan,2019,Desember,12560.61
Kabupaten Pasuruan,2020,Januari,19547.03
Kabupaten Pasuruan,2020,Februari,12181.82
Kabupaten Pasuruan,2020,Maret,10090.33
Kabupaten Pasuruan,2020,April,55022.37
Kabupaten Pasuruan,2020,Mei,46289.91
Kabupaten Pasuruan,2020,Juni,20593.72
Kabupaten Pasuruan,2020,Juli,10166.84
Kabupaten Pasuruan,2020,Agustus,31918.0
Kabupaten Pasuruan,2020,September,25044.36
Kabupaten Pasuruan,2020,Oktober,21529.78
Kabupaten Pasuruan,2020,November,13386.56
Kabupaten Pasuruan,2020,Desember,7165.55
Kabupaten Pasuruan,2021,Januari,18989.39
Kabupaten Pasuruan,2021,Februari,15400.81
Kabupaten Pasuruan,2021,Maret,18352.75
Kabupaten Pasuruan,2021,April,44447.7
Kabupaten Pasuruan,2021,Mei,32103.41
Kabupaten Pasuruan,2021,Juni,23007.03
Kabupaten Pasuruan,2021,Juli,17807.84
Kabupaten Pasuruan,2021,Agustus,20729.53
Kabupaten Pasuruan,2021,September,19917.06
Kabupaten Pasuruan,2021,Oktober,22905.38
Kabupaten Pasuruan,2021,November,18128.38
Kabupaten Pasuruan,2021,Desember,13161.5
Kabupaten Pasuruan,2022,Januari,10203.18
Kabupaten Pasuruan,2022,Februari,9892.04
Kabupaten Pasuruan,2022,Maret,37988.5
Kabupaten Pasuruan,2022,April,37700.84
Kabupaten Pasuruan,2022,Mei,29040.49
Kabupaten Pasuruan,2022,Juni,11449.71
Kabupaten Pasuruan,2022,Juli,31284.68
Kabupaten Pasuruan,2022,Agustus,15668.85
Kabupaten Pasuruan,2022,September,18445.11
Kabupaten Pasuruan,2022,Oktober,14909.38
Kabupaten Pasuruan,2022,November,16997.61
Kabupaten Pasuruan,2022,Desember,13675.33
Kabupaten Pasuruan,2023,Januari,12957.94
Kabupaten Pasuruan,2023,Februari,10077.1
Kabupaten Pasuruan,2023,Maret,38941.4
Kabupaten Pasuruan,2023,April,29402.12
Kabupaten Pasuruan,2023,Mei,33248.85
Kabupaten Pasuruan,2023,Juni,15669.81
Kabupaten Pasuruan,2023,Juli,28540.62
Kabupaten Pasuruan,2023,Agustus,18621.32
Kabupaten Pasuruan,2023,September,24326.81
Kabupaten Pasuruan,2023,Oktober,20010.42
Kabupaten Pasuruan,2023,November,16280.27
Kabupaten Pasuruan,2023,Desember,11985.28
Kabupaten Pasuruan,2024,Januari,15120.54
Kabupaten Pasuruan,2024,Februari,15783.65
Kabupaten Pasuruan,2024,Maret,24699.04
Kabupaten Pasuruan,2024,April,51311.51
Kabupaten Pasuruan,2024,Mei,32116.28
Kabupaten Pasuruan,2024,Juni,19310.0
Kabupaten Pasuruan,2024,Juli,19823.33
Kabupaten Pasuruan,2024,Agustus,24818.76
Kabupaten Pasuruan,2024,September,19596.96
Kabupaten Pasuruan,2024,Oktober,21933.49
Kabupaten Pasuruan,2024,November,22712.57
Kabupaten Pasuruan,2024,Desember,10128.38
Kabupaten Ponorogo,2018,Januari,202.2
Kabupaten Ponorogo,2018,Februari,4092.37
Kabupaten Ponorogo,2018,Maret,84787.64
Kabupaten Ponorogo,2018,April,85947.48
Kabupaten Ponorogo,2018,Mei,1728.29
Kabupaten Ponorogo,2018,Juni,19686.87
Kabupaten Ponorogo,2018,Juli,91559.34
Kabupaten Ponorogo,2018,Agustus,31102.38
Kabupaten Ponorogo,2018,September,5985.77
Kabupaten Ponorogo,2018,Oktober,1291.15
Kabupaten Ponorogo,2018,November,7586.17
Kabupaten Ponorogo,2018,Desember,43293.52
Kabupaten Ponorogo,2019,Januari,8211.96
Kabupaten Ponorogo,2019,Februari,4235.64
Kabupaten Ponorogo,2019,Maret,49222.47
Kabupaten Ponorogo,2019,April,95494.03
Kabupaten Ponorogo,2019,Mei,16975.96
Kabupaten Ponorogo,2019,Juni,7896.26
Kabupaten Ponorogo,2019,Juli,61478.44
Kabupaten Ponorogo,2019,Agustus,48982.81
Kabupaten Ponorogo,2019,September,9070.65
Kabupaten Ponorogo,2019,Oktober,1955.68
Kabupaten Ponorogo,2019,November,1460.41
Kabupaten Ponorogo,2019,Desember,17221.19
Kabupaten Ponorogo,2020,Januari,28844.89
Kabupaten Ponorogo,2020,Februari,2127.05
Kabupaten Ponorogo,2020,Maret,22831.36
Kabupaten Ponorogo,2020,April,126555.79
Kabupaten Ponorogo,2020,Mei,23480.75
Kabupaten Ponorogo,2020,Juni,2963.54
Kabupaten Ponorogo,2020,Juli,62418.12
Kabupaten Ponorogo,2020,Agustus,52926.2
Kabupaten Ponorogo,2020,September,11642.69
Kabupaten Ponorogo,2020,Oktober,735.12
Kabupaten Ponorogo,2020,November,5781.16
Kabupaten Ponorogo,2020,Desember,37026.53
Kabupaten Ponorogo,2021,Januari,20937.46
Kabupaten Ponorogo,2021,Februari,1471.52
Kabupaten Ponorogo,2021,Maret,55816.49
Kabupaten Ponorogo,2021,April,105539.58
Kabupaten Ponorogo,2021,Mei,14618.92
Kabupaten Ponorogo,2021,Juni,10796.11
Kabupaten Ponorogo,2021,Juli,85188.34
Kabupaten Ponorogo,2021,Agustus,47732.97
Kabupaten Ponorogo,2021,September,6338.63
Kabupaten Ponorogo,2021,Oktober,398.36
Kabupaten Ponorogo,2021,November,7216.93
Kabupaten Ponorogo,2021,Desember,48609.73
Kabupaten Ponorogo,2022,Januari,7662.82
Kabupaten Ponorogo,2022,Februari,679.02
Kabupaten Ponorogo,2022,Maret,74834.92
Kabupaten Ponorogo,2022,April,73880.59
Kabupaten Ponorogo,2022,Mei,13114.83
Kabupaten Ponorogo,2022,Juni,14317.9
Kabupaten Ponorogo,2022,Juli,74823.45
Kabupaten Ponorogo,2022,Agustus,36298.96
Kabupaten Ponorogo,2022,September,9197.29
Kabupaten Ponorogo,2022,Oktober,412.1
Kabupaten Ponorogo,2022,November,10319.55
Kabupaten Ponorogo,2022,Desember,43872.34
Kabupaten Ponorogo,2023,Januari,15005.61
Kabupaten Ponorogo,2023,Februari,706.23
Kabupaten Ponorogo,2023,Maret,84201.65
Kabupaten Ponorogo,2023,April,61226.25
Kabupaten Ponorogo,2023,Mei,21378.84
Kabupaten Ponorogo,2023,Juni,28498.0
Kabupaten Ponorogo,2023,Juli,62003.73
Kabupaten Ponorogo,2023,Agustus,45004.26
Kabupaten Ponorogo,2023,September,14839.43
Kabupaten Ponorogo,2023,Oktober,1633.69
Kabupaten Ponorogo,2023,November,10194.9
Kabupaten Ponorogo,2023,Desember,48301.49
Kabupaten Ponorogo,2024,Januari,17192.11
Kabupaten Ponorogo,2024,Februari,923.34
Kabupaten Ponorogo,2024,Maret,41582.99
Kabupaten Ponorogo,2024,April,97544.06
Kabupaten Ponorogo,2024,Mei,26975.57
Kabupaten Ponorogo,2024,Juni,14438.98
Kabupaten Ponorogo,2024,Juli,47397.46
Kabupaten Ponorogo,2024,Agustus,55669.54
Kabupaten Ponorogo,2024,September,25458.43
Kabupaten Ponorogo,2024,Oktober,3247.33
Kabupaten Ponorogo,2024,November,7482.04
Kabupaten Ponorogo,2024,Desember,41333.06
Kabupaten Probolinggo,2018,Januari,5840.67
Kabupaten Probolinggo,2018,Februari,6214.52
Kabupaten Probolinggo,2018,Maret,37846.22
Kabupaten Probolinggo,2018,April,43059.06
Kabupaten Probolinggo,2018,Mei,17060.06
Kabupaten Probolinggo,2018,Juni,17050.02
Kabupaten Probolinggo,2018,Juli,15158.6
Kabupaten Probolinggo,2018,Agustus,11666.79
Kabupaten Probolinggo,2018,September,5562.79
Kabupaten Probolinggo,2018,Oktober,4070.21
Kabupaten Probolinggo,2018,November,6717.08
Kabupaten Probolinggo,2018,Desember,6329.6
Kabupaten Probolinggo,2019,Januari,5766.51
Kabupaten Probolinggo,2019,Februari,13003.79
Kabupaten Probolinggo,2019,Maret,27662.79
Kabupaten Probolinggo,2019,April,53481.5
Kabupaten Probolinggo,2019,Mei,25464.75
Kabupaten Probolinggo,2019,Juni,15048.7
Kabupaten Probolinggo,2019,Juli,15738.2
Kabupaten Probolinggo,2019,Agustus,10678.17
Kabupaten Probolinggo,2019,September,7648.69
Kabupaten Probolinggo,2019,Oktober,6361.25
Kabupaten Probolinggo,2019,November,6032.75
Kabupaten Probolinggo,2019,Desember,6887.4
Kabupaten Probolinggo,2020,Januari,5347.87
Kabupaten Probolinggo,2020,Februari,6829.49
Kabupaten Probolinggo,2020,Maret,14058.96
Kabupaten Probolinggo,2020,April,62418.31
Kabupaten Probolinggo,2020,Mei,40301.9
Kabupaten Probolinggo,2020,Juni,14433.52
Kabupaten Probolinggo,2020,Juli,10376.46
Kabupaten Probolinggo,2020,Agustus,13267.73
Kabupaten Probolinggo,2020,September,10576.46
Kabupaten Probolinggo,2020,Oktober,5183.04
Kabupaten Probolinggo,2020,November,6895.68
Kabupaten Probolinggo,2020,Desember,2910.64
Kabupaten Probolinggo,2021,Januari,8283.92
Kabupaten Probolinggo,2021,Februari,6768.22
Kabupaten Probolinggo,2021,Maret,35428.08
Kabupaten Probolinggo,2021,April,58849.01
Kabupaten Probolinggo,2021,Mei,21612.15
Kabupaten Probolinggo,2021,Juni,13397.62
Kabupaten Probolinggo,2021,Juli,9235.7
Kabupaten Probolinggo,2021,Agustus,12791.82
Kabupaten Probolinggo,2021,September,7362.64
Kabupaten Probolinggo,2021,Oktober,3487.65
Kabupaten Probolinggo,2021,November,5926.23
Kabupaten Probolinggo,2021,Desember,7037.1
Kabupaten Probolinggo,2022,Januari,7271.86
Kabupaten Probolinggo,2022,Februari,6921.8
Kabupaten Probolinggo,2022,Maret,35499.13
Kabupaten Probolinggo,2022,April,50329.0
Kabupaten Probolinggo,2022,Mei,25241.97
Kabupaten Probolinggo,2022,Juni,13152.43
Kabupaten Probolinggo,2022,Juli,9369.18
Kabupaten Probolinggo,2022,Agustus,11313.32
Kabupaten Probolinggo,2022,September,10317.5
Kabupaten Probolinggo,2022,Oktober,6778.35
Kabupaten Probolinggo,2022,November,5087.18
Kabupaten Probolinggo,2022,Desember,4130.79
Kabupaten Probolinggo,2023,Januari,10721.82
Kabupaten Probolinggo,2023,Februari,11197.94
Kabupaten Probolinggo,2023,Maret,42000.38
Kabupaten Probolinggo,2023,April,47434.28
Kabupaten Probolinggo,2023,Mei,23831.89
Kabupaten Probolinggo,2023,Juni,18712.02
Kabupaten Probolinggo,2023,Juli,10262.45
Kabupaten Probolinggo,2023,Agustus,12228.27
Kabupaten Probolinggo,2023,September,7278.12
Kabupaten Probolinggo,2023,Oktober,5807.39
Kabupaten Probolinggo,2023,November,5321.6
Kabupaten Probolinggo,2023,Desember,6248.18
Kabupaten Probolinggo,2024,Januari,5948.66
Kabupaten Probolinggo,2024,Februari,7107.95
Kabupaten Probolinggo,2024,Maret,14055.13
Kabupaten Probolinggo,2024,April,52923.64
Kabupaten Probolinggo,2024,Mei,39245.75
Kabupaten Probolinggo,2024,Juni,13258.57
Kabupaten Probolinggo,2024,Juli,8761.23
Kabupaten Probolinggo,2024,Agustus,8434.19
Kabupaten Probolinggo,2024,September,14882.92
Kabupaten Probolinggo,2024,Oktober,3858.76
Kabupaten Probolinggo,2024,November,4351.81
Kabupaten Probolinggo,2024,Desember,4778.77
Kabupaten Sampang,2018,Januari,1677.43
Kabupaten Sampang,2018,Februari,47869.41
Kabupaten Sampang,2018,Maret,69272.52
Kabupaten Sampang,2018,April,9095.91
Kabupaten Sampang,2018,Mei,15709.58
Kabupaten Sampang,2018,Juni,29482.47
Kabupaten Sampang,2018,Juli,6267.93
Kabupaten Sampang,2018,Agustus,4965.09
Kabupaten Sampang,2018,September,2795.9
Kabupaten Sampang,2018,Oktober,490.6
Kabupaten Sampang,2018,November,1413.24
Kabupaten Sampang,2018,Desember,0.0
Kabupaten Sampang,2019,Januari,0.0
Kabupaten Sampang,2019,Februari,3387.44
Kabupaten Sampang,2019,Maret,88112.71
Kabupaten Sampang,2019,April,25704.0
Kabupaten Sampang,2019,Mei,2101.73
Kabupaten Sampang,2019,Juni,24087.15
Kabupaten Sampang,2019,Juli,11641.73
Kabupaten Sampang,2019,Agustus,0.0
Kabupaten Sampang,2019,September,1184.76
Kabupaten Sampang,2019,Oktober,0.0
Kabupaten Sampang,2019,November,0.0
Kabupaten Sampang,2019,Desember,0.0
Kabupaten Sampang,2020,Januari,0.0
Kabupaten Sampang,2020,Februari,2596.82
Kabupaten Sampang,2020,Maret,64948.52
Kabupaten Sampang,2020,April,50066.99
Kabupaten Sampang,2020,Mei,15892.86
Kabupaten Sampang,2020,Juni,12672.04
Kabupaten Sampang,2020,Juli,24700.4
Kabupaten Sampang,2020,Agustus,14064.04
Kabupaten Sampang,2020,September,2292.72
Kabupaten Sampang,2020,Oktober,3768.22
Kabupaten Sampang,2020,November,732.86
Kabupaten Sampang,2020,Desember,0.0
Kabupaten Sampang,2021,Januari,160.7
Kabupaten Sampang,2021,Februari,29316.86
Kabupaten Sampang,2021,Maret,111563.89
Kabupaten Sampang,2021,April,8312.15
Kabupaten Sampang,2021,Mei,4476.69
Kabupaten Sampang,2021,Juni,31491.53
Kabupaten Sampang,2021,Juli,7764.89
Kabupaten Sampang,2021,Agustus,1174.38
Kabupaten Sampang,2021,September,780.73
Kabupaten Sampang,2021,Oktober,336.47
Kabupaten Sampang,2021,November,222.4
Kabupaten Sampang,2021,Desember,0.0
Kabupaten Sampang,2022,Januari,0.0
Kabupaten Sampang,2022,Februari,26771.2
Kabupaten Sampang,2022,Maret,97788.76
Kabupaten Sampang,2022,April,1875.45
Kabupaten Sampang,2022,Mei,802.32
Kabupaten Sampang,2022,Juni,40656.71
Kabupaten Sampang,2022,Juli,3921.12
Kabupaten Sampang,2022,Agustus,0.0
Kabupaten Sampang,2022,September,0.0
Kabupaten Sampang,2022,Oktober,678.82
Kabupaten Sampang,2022,November,0.0
Kabupaten Sampang,2022,Desember,0.0
Kabupaten Sampang,2023,Januari,200.75
Kabupaten Sampang,2023,Februari,73829.95
Kabupaten Sampang,2023,Maret,45340.64
Kabupaten Sampang,2023,April,724.64
Kabupaten Sampang,2023,Mei,4718.94
Kabupaten Sampang,2023,Juni,41181.52
Kabupaten Sampang,2023,Juli,935.79
Kabupaten Sampang,2023,Agustus,0.0
Kabupaten Sampang,2023,September,207.31
Kabupaten Sampang,2023,Oktober,51.81
Kabupaten Sampang,2023,November,0.0
Kabupaten Sampang,2023,Desember,0.0
Kabupaten Sampang,2024,Januari,0.0
Kabupaten Sampang,2024,Februari,0.0
Kabupaten Sampang,2024,Maret,49859.56
Kabupaten Sampang,2024,April,57195.21
Kabupaten Sampang,2024,Mei,6095.92
Kabupaten Sampang,2024,Juni,7759.73
Kabupaten Sampang,2024,Juli,21405.52
Kabupaten Sampang,2024,Agustus,3294.27
Kabupaten Sampang,2024,September,0.0
Kabupaten Sampang,2024,Oktober,0.0
Kabupaten Sampang,2024,November,318.16
Kabupaten Sampang,2024,Desember,3.38
Kabupaten Sidoarjo,2018,Januari,18447.54
Kabupaten Sidoarjo,2018,Februari,11123.43
Kabupaten Sidoarjo,2018,Maret,27302.82
Kabupaten Sidoarjo,2018,April,40938.1
Kabupaten Sidoarjo,2018,Mei,26893.71
Kabupaten Sidoarjo,2018,Juni,11922.08
Kabupaten Sidoarjo,2018,Juli,14200.55
Kabupaten Sidoarjo,2018,Agustus,28265.53
Kabupaten Sidoarjo,2018,September,28298.69
Kabupaten Sidoarjo,2018,Oktober,20272.09
Kabupaten Sidoarjo,2018,November,10366.97
Kabupaten Sidoarjo,2018,Desember,10169.41
Kabupaten Sidoarjo,2019,Januari,2360.79
Kabupaten Sidoarjo,2019,Februari,4773.75
Kabupaten Sidoarjo,2019,Maret,12348.41
Kabupaten Sidoarjo,2019,April,41430.97
Kabupaten Sidoarjo,2019,Mei,46172.04
Kabupaten Sidoarjo,2019,Juni,12584.79
Kabupaten Sidoarjo,2019,Juli,3115.57
Kabupaten Sidoarjo,2019,Agustus,13666.72
Kabupaten Sidoarjo,2019,September,27603.99
Kabupaten Sidoarjo,2019,Oktober,44683.23
Kabupaten Sidoarjo,2019,November,16875.16
Kabupaten Sidoarjo,2019,Desember,9172.69
Kabupaten Sidoarjo,2020,Januari,4191.42
Kabupaten Sidoarjo,2020,Februari,2576.33
Kabupaten Sidoarjo,2020,Maret,2428.03
Kabupaten Sidoarjo,2020,April,21623.67
Kabupaten Sidoarjo,2020,Mei,50002.15
Kabupaten Sidoarjo,2020,Juni,23811.01
Kabupaten Sidoarjo,2020,Juli,8512.14
Kabupaten Sidoarjo,2020,Agustus,6334.62
Kabupaten Sidoarjo,2020,September,20612.36
Kabupaten Sidoarjo,2020,Oktober,50762.57
Kabupaten Sidoarjo,2020,November,14343.72
Kabupaten Sidoarjo,2020,Desember,3911.91
Kabupaten Sidoarjo,2021,Januari,894.24
Kabupaten Sidoarjo,2021,Februari,978.92
Kabupaten Sidoarjo,2021,Maret,15692.57
Kabupaten Sidoarjo,2021,April,45053.34
Kabupaten Sidoarjo,2021,Mei,31336.57
Kabupaten Sidoarjo,2021,Juni,9970.46
Kabupaten Sidoarjo,2021,Juli,3700.73
Kabupaten Sidoarjo,2021,Agustus,10276.08
Kabupaten Sidoarjo,2021,September,31123.68
Kabupaten Sidoarjo,2021,Oktober,28060.29
Kabupaten Sidoarjo,2021,November,21711.73
Kabupaten Sidoarjo,2021,Desember,3702.79
Kabupaten Sidoarjo,2022,Januari,1716.71
Kabupaten Sidoarjo,2022,Februari,868.93
Kabupaten Sidoarjo,2022,Maret,7817.9
Kabupaten Sidoarjo,2022,April,37043.93
Kabupaten Sidoarjo,2022,Mei,38152.05
Kabupaten Sidoarjo,2022,Juni,8555.42
Kabupaten Sidoarjo,2022,Juli,994.9
Kabupaten Sidoarjo,2022,Agustus,7668.76
Kabupaten Sidoarjo,2022,September,31682.19
Kabupaten Sidoarjo,2022,Oktober,31496.28
Kabupaten Sidoarjo,2022,November,26803.39
Kabupaten Sidoarjo,2022,Desember,1739.99
Kabupaten Sidoarjo,2023,Januari,1355.3
Kabupaten Sidoarjo,2023,Februari,1057.82
Kabupaten Sidoarjo,2023,Maret,22309.86
Kabupaten Sidoarjo,2023,April,29880.69
Kabupaten Sidoarjo,2023,Mei,33654.11
Kabupaten Sidoarjo,2023,Juni,6455.64
Kabupaten Sidoarjo,2023,Juli,4049.17
Kabupaten Sidoarjo,2023,Agustus,9932.48
Kabupaten Sidoarjo,2023,September,32711.26
Kabupaten Sidoarjo,2023,Oktober,29430.45
Kabupaten Sidoarjo,2023,November,22500.89
Kabupaten Sidoarjo,2023,Desember,2517.68
Kabupaten Sidoarjo,2024,Januari,4826.56
Kabupaten Sidoarjo,2024,Februari,3422.26
Kabupaten Sidoarjo,2024,Maret,6051.81
Kabupaten Sidoarjo,2024,April,29945.5
Kabupaten Sidoarjo,2024,Mei,32691.01
Kabupaten Sidoarjo,2024,Juni,19874.58
Kabupaten Sidoarjo,2024,Juli,9907.52
Kabupaten Sidoarjo,2024,Agustus,7024.98
Kabupaten Sidoarjo,2024,September,31741.95
Kabupaten Sidoarjo,2024,Oktober,33302.99
Kabupaten Sidoarjo,2024,November,24940.6
Kabupaten Sidoarjo,2024,Desember,5256.94
Kabupaten Situbondo,2018,Januari,4550.95
Kabupaten Situbondo,2018,Februari,14030.42
Kabupaten Situbondo,2018,Maret,42350.73
Kabupaten Situbondo,2018,April,27406.32
Kabupaten Situbondo,2018,Mei,10061.44
Kabupaten Situbondo,2018,Juni,11726.58
Kabupaten Situbondo,2018,Juli,29274.44
Kabupaten Situbondo,2018,Agustus,8031.97
Kabupaten Situbondo,2018,September,6401.55
Kabupaten Situbondo,2018,Oktober,5149.73
Kabupaten Situbondo,2018,November,9018.15
Kabupaten Situbondo,2018,Desember,7552.89
Kabupaten Situbondo,2019,Januari,6477.13
Kabupaten Situbondo,2019,Februari,17990.17
Kabupaten Situbondo,2019,Maret,33206.15
Kabupaten Situbondo,2019,April,35507.12
Kabupaten Situbondo,2019,Mei,10234.93
Kabupaten Situbondo,2019,Juni,11117.08
Kabupaten Situbondo,2019,Juli,18589.22
Kabupaten Situbondo,2019,Agustus,10336.66
Kabupaten Situbondo,2019,September,5755.65
Kabupaten Situbondo,2019,Oktober,6187.31
Kabupaten Situbondo,2019,November,6300.91
Kabupaten Situbondo,2019,Desember,5963.21
Kabupaten Situbondo,2020,Januari,6544.22
Kabupaten Situbondo,2020,Februari,13569.28
Kabupaten Situbondo,2020,Maret,25051.37
Kabupaten Situbondo,2020,April,36436.02
Kabupaten Situbondo,2020,Mei,14641.32
Kabupaten Situbondo,2020,Juni,9516.72
Kabupaten Situbondo,2020,Juli,13523.17
Kabupaten Situbondo,2020,Agustus,12772.49
Kabupaten Situbondo,2020,September,8920.61
Kabupaten Situbondo,2020,Oktober,5872.93
Kabupaten Situbondo,2020,November,8492.46
Kabupaten Situbondo,2020,Desember,4587.6
Kabupaten Situbondo,2021,Januari,8907.76
Kabupaten Situbondo,2021,Februari,12337.07
Kabupaten Situbondo,2021,Maret,30484.29
Kabupaten Situbondo,2021,April,30377.93
Kabupaten Situbondo,2021,Mei,10057.92
Kabupaten Situbondo,2021,Juni,9750.98
Kabupaten Situbondo,2021,Juli,13889.32
Kabupaten Situbondo,2021,Agustus,15273.82
Kabupaten Situbondo,2021,September,5089.28
Kabupaten Situbondo,2021,Oktober,3829.92
Kabupaten Situbondo,2021,November,3246.47
Kabupaten Situbondo,2021,Desember,7912.36
Kabupaten Situbondo,2022,Januari,6141.38
Kabupaten Situbondo,2022,Februari,11665.28
Kabupaten Situbondo,2022,Maret,35238.65
Kabupaten Situbondo,2022,April,26438.18
Kabupaten Situbondo,2022,Mei,7540.35
Kabupaten Situbondo,2022,Juni,6956.29
Kabupaten Situbondo,2022,Juli,15569.44
Kabupaten Situbondo,2022,Agustus,10642.09
Kabupaten Situbondo,2022,September,3519.25
Kabupaten Situbondo,2022,Oktober,6597.2
Kabupaten Situbondo,2022,November,6058.98
Kabupaten Situbondo,2022,Desember,5260.91
Kabupaten Situbondo,2023,Januari,5865.85
Kabupaten Situbondo,2023,Februari,18113.03
Kabupaten Situbondo,2023,Maret,37524.24
Kabupaten Situbondo,2023,April,18807.88
Kabupaten Situbondo,2023,Mei,8077.69
Kabupaten Situbondo,2023,Juni,14309.73
Kabupaten Situbondo,2023,Juli,16914.05
Kabupaten Situbondo,2023,Agustus,11002.62
Kabupaten Situbondo,2023,September,6449.08
Kabupaten Situbondo,2023,Oktober,6479.55
Kabupaten Situbondo,2023,November,5744.88
Kabupaten Situbondo,2023,Desember,7984.65
Kabupaten Situbondo,2024,Januari,8081.76
Kabupaten Situbondo,2024,Februari,16968.77
Kabupaten Situbondo,2024,Maret,29671.88
Kabupaten Situbondo,2024,April,29128.21
Kabupaten Situbondo,2024,Mei,14342.59
Kabupaten Situbondo,2024,Juni,8999.3
Kabupaten Situbondo,2024,Juli,16454.39
Kabupaten Situbondo,2024,Agustus,12568.31
Kabupaten Situbondo,2024,September,7389.73
Kabupaten Situbondo,2024,Oktober,5877.32
Kabupaten Situbondo,2024,November,7673.07
Kabupaten Situbondo,2024,Desember,5081.49
Kabupaten Sumenep,2018,Januari,476.54
Kabupaten Sumenep,2018,Februari,18144.72
Kabupaten Sumenep,2018,Maret,99200.2
Kabupaten Sumenep,2018,April,36945.12
Kabupaten Sumenep,2018,Mei,4841.49
Kabupaten Sumenep,2018,Juni,14564.64
Kabupaten Sumenep,2018,Juli,36151.64
Kabupaten Sumenep,2018,Agustus,6002.02
Kabupaten Sumenep,2018,September,8009.59
Kabupaten Sumenep,2018,Oktober,19707.66
Kabupaten Sumenep,2018,November,13490.26
Kabupaten Sumenep,2018,Desember,751.11
Kabupaten Sumenep,2019,Januari,0.0
Kabupaten Sumenep,2019,Februari,3182.61
Kabupaten Sumenep,2019,Maret,63644.67
Kabupaten Sumenep,2019,April,67858.48
Kabupaten Sumenep,2019,Mei,6754.76
Kabupaten Sumenep,2019,Juni,7675.17
Kabupaten Sumenep,2019,Juli,16604.53
Kabupaten Sumenep,2019,Agustus,13652.08
Kabupaten Sumenep,2019,September,2901.38
Kabupaten Sumenep,2019,Oktober,1377.38
Kabupaten Sumenep,2019,November,985.61
Kabupaten Sumenep,2019,Desember,1454.17
Kabupaten Sumenep,2020,Januari,448.07
Kabupaten Sumenep,2020,Februari,1618.97
Kabupaten Sumenep,2020,Maret,14486.38
Kabupaten Sumenep,2020,April,112783.2
Kabupaten Sumenep,2020,Mei,32976.53
Kabupaten Sumenep,2020,Juni,3565.87
Kabupaten Sumenep,2020,Juli,18292.94
Kabupaten Sumenep,2020,Agustus,25742.69
Kabupaten Sumenep,2020,September,14946.62
Kabupaten Sumenep,2020,Oktober,1537.47
Kabupaten Sumenep,2020,November,1984.7
Kabupaten Sumenep,2020,Desember,596.77
Kabupaten Sumenep,2021,Januari,290.4
Kabupaten Sumenep,2021,Februari,11135.41
Kabupaten Sumenep,2021,Maret,99717.89
Kabupaten Sumenep,2021,April,45945.07
Kabupaten Sumenep,2021,Mei,3305.74
Kabupaten Sumenep,2021,Juni,10242.33
Kabupaten Sumenep,2021,Juli,18650.55
Kabupaten Sumenep,2021,Agustus,22013.61
Kabupaten Sumenep,2021,September,6489.11
Kabupaten Sumenep,2021,Oktober,3735.92
Kabupaten Sumenep,2021,November,453.38
Kabupaten Sumenep,2021,Desember,0.0
Kabupaten Sumenep,2022,Januari,3403.12
Kabupaten Sumenep,2022,Februari,20342.32
Kabupaten Sumenep,2022,Maret,110793.77
Kabupaten Sumenep,2022,April,32538.2
Kabupaten Sumenep,2022,Mei,2510.96
Kabupaten Sumenep,2022,Juni,16358.36
Kabupaten Sumenep,2022,Juli,17739.55
Kabupaten Sumenep,2022,Agustus,11320.84
Kabupaten Sumenep,2022,September,4999.11
Kabupaten Sumenep,2022,Oktober,6529.64
Kabupaten Sumenep,2022,November,3554.41
Kabupaten Sumenep,2022,Desember,491.03
Kabupaten Sumenep,2023,Januari,4778.43
Kabupaten Sumenep,2023,Februari,26514.33
Kabupaten Sumenep,2023,Maret,103505.61
Kabupaten Sumenep,2023,April,22667.0
Kabupaten Sumenep,2023,Mei,2068.83
Kabupaten Sumenep,2023,Juni,19355.23
Kabupaten Sumenep,2023,Juli,15545.68
Kabupaten Sumenep,2023,Agustus,15385.25
Kabupaten Sumenep,2023,September,3307.89
Kabupaten Sumenep,2023,Oktober,2286.65
Kabupaten Sumenep,2023,November,1631.2
Kabupaten Sumenep,2023,Desember,764.38
Kabupaten Sumenep,2024,Januari,128.11
Kabupaten Sumenep,2024,Februari,1365.71
Kabupaten Sumenep,2024,Maret,40912.66
Kabupaten Sumenep,2024,April,95452.82
Kabupaten Sumenep,2024,Mei,16924.19
Kabupaten Sumenep,2024,Juni,3054.61
Kabupaten Sumenep,2024,Juli,11409.19
Kabupaten Sumenep,2024,Agustus,14578.58
Kabupaten Sumenep,2024,September,5308.96
Kabupaten Sumenep,2024,Oktober,0.02
Kabupaten Sumenep,2024,November,340.36
Kabupaten Sumenep,2024,Desember,24.48
Kabupaten Trenggalek,2018,Januari,97.07
Kabupaten Trenggalek,2018,Februari,2943.02
Kabupaten Trenggalek,2018,Maret,28681.52
Kabupaten Trenggalek,2018,April,21859.55
Kabupaten Trenggalek,2018,Mei,5343.73
Kabupaten Trenggalek,2018,Juni,2913.26
Kabupaten Trenggalek,2018,Juli,21422.51
Kabupaten Trenggalek,2018,Agustus,13585.82
Kabupaten Trenggalek,2018,September,8319.57
Kabupaten Trenggalek,2018,Oktober,6579.01
Kabupaten Trenggalek,2018,November,5353.82
Kabupaten Trenggalek,2018,Desember,3475.75
Kabupaten Trenggalek,2019,Januari,2476.15
Kabupaten Trenggalek,2019,Februari,533.68
Kabupaten Trenggalek,2019,Maret,24288.42
Kabupaten Trenggalek,2019,April,27725.08
Kabupaten Trenggalek,2019,Mei,8197.32
Kabupaten Trenggalek,2019,Juni,1367.35
Kabupaten Trenggalek,2019,Juli,18971.71
Kabupaten Trenggalek,2019,Agustus,14719.07
Kabupaten Trenggalek,2019,September,6846.35
Kabupaten Trenggalek,2019,Oktober,4431.4
Kabupaten Trenggalek,2019,November,1254.98
Kabupaten Trenggalek,2019,Desember,1402.06
Kabupaten Trenggalek,2020,Januari,791.3
Kabupaten Trenggalek,2020,Februari,1364.88
Kabupaten Trenggalek,2020,Maret,8047.35
Kabupaten Trenggalek,2020,April,30181.55
Kabupaten Trenggalek,2020,Mei,15715.76
Kabupaten Trenggalek,2020,Juni,3128.69
Kabupaten Trenggalek,2020,Juli,13281.07
Kabupaten Trenggalek,2020,Agustus,11977.24
Kabupaten Trenggalek,2020,September,13331.6
Kabupaten Trenggalek,2020,Oktober,2613.79
Kabupaten Trenggalek,2020,November,5634.54
Kabupaten Trenggalek,2020,Desember,2377.85
Kabupaten Trenggalek,2021,Januari,3289.59
Kabupaten Trenggalek,2021,Februari,4877.49
Kabupaten Trenggalek,2021,Maret,20209.95
Kabupaten Trenggalek,2021,April,26974.16
Kabupaten Trenggalek,2021,Mei,3542.64
Kabupaten Trenggalek,2021,Juni,6394.21
Kabupaten Trenggalek,2021,Juli,22845.22
Kabupaten Trenggalek,2021,Agustus,8802.36
Kabupaten Trenggalek,2021,September,2654.64
Kabupaten Trenggalek,2021,Oktober,3871.61
Kabupaten Trenggalek,2021,November,7046.7
Kabupaten Trenggalek,2021,Desember,5947.77
Kabupaten Trenggalek,2022,Januari,2862.67
Kabupaten Trenggalek,2022,Februari,726.16
Kabupaten Trenggalek,2022,Maret,28038.22
Kabupaten Trenggalek,2022,April,18316.05
Kabupaten Trenggalek,2022,Mei,5131.56
Kabupaten Trenggalek,2022,Juni,2751.17
Kabupaten Trenggalek,2022,Juli,23599.74
Kabupaten Trenggalek,2022,Agustus,11482.39
Kabupaten Trenggalek,2022,September,3457.26
Kabupaten Trenggalek,2022,Oktober,4389.65
Kabupaten Trenggalek,2022,November,8628.65
Kabupaten Trenggalek,2022,Desember,6374.49
Kabupaten Trenggalek,2023,Januari,2787.78
Kabupaten Trenggalek,2023,Februari,3926.37
Kabupaten Trenggalek,2023,Maret,29959.07
Kabupaten Trenggalek,2023,April,16011.57
Kabupaten Trenggalek,2023,Mei,4375.01
Kabupaten Trenggalek,2023,Juni,3292.29
Kabupaten Trenggalek,2023,Juli,18609.33
Kabupaten Trenggalek,2023,Agustus,16132.09
Kabupaten Trenggalek,2023,September,3727.68
Kabupaten Trenggalek,2023,Oktober,2606.97
Kabupaten Trenggalek,2023,November,8638.02
Kabupaten Trenggalek,2023,Desember,4808.35
Kabupaten Trenggalek,2024,Januari,1950.36
Kabupaten Trenggalek,2024,Februari,401.72
Kabupaten Trenggalek,2024,Maret,6494.4
Kabupaten Trenggalek,2024,April,27952.25
Kabupaten Trenggalek,2024,Mei,17497.94
Kabupaten Trenggalek,2024,Juni,6105.63
Kabupaten Trenggalek,2024,Juli,7190.48
Kabupaten Trenggalek,2024,Agustus,20765.44
Kabupaten Trenggalek,2024,September,4453.95
Kabupaten Trenggalek,2024,Oktober,5345.06
Kabupaten Trenggalek,2024,November,2882.99
Kabupaten Trenggalek,2024,Desember,3819.13
Kabupaten Tuban,2018,Januari,15526.73
Kabupaten Tuban,2018,Februari,30721.53
Kabupaten Tuban,2018,Maret,153481.84
Kabupaten Tuban,2018,April,92904.5
Kabupaten Tuban,2018,Mei,10381.99
Kabupaten Tuban,2018,Juni,39285.52
Kabupaten Tuban,2018,Juli,45418.71
Kabupaten Tuban,2018,Agustus,23119.31
Kabupaten Tuban,2018,September,53262.28
Kabupaten Tuban,2018,Oktober,67645.69
Kabupaten Tuban,2018,November,18628.19
Kabupaten Tuban,2018,Desember,13864.83
Kabupaten Tuban,2019,Januari,20176.71
Kabupaten Tuban,2019,Februari,31711.65
Kabupaten Tuban,2019,Maret,71450.23
Kabupaten Tuban,2019,April,148962.42
Kabupaten Tuban,2019,Mei,33837.62
Kabupaten Tuban,2019,Juni,18807.73
Kabupaten Tuban,2019,Juli,37182.33
Kabupaten Tuban,2019,Agustus,26291.91
Kabupaten Tuban,2019,September,23968.36
Kabupaten Tuban,2019,Oktober,76271.47
Kabupaten Tuban,2019,November,22577.47
Kabupaten Tuban,2019,Desember,8696.46
Kabupaten Tuban,2020,Januari,17397.72
Kabupaten Tuban,2020,Februari,34158.25
Kabupaten Tuban,2020,Maret,57925.04
Kabupaten Tuban,2020,April,116423.68
Kabupaten Tuban,2020,Mei,74831.23
Kabupaten Tuban,2020,Juni,22086.2
Kabupaten Tuban,2020,Juli,27552.03
Kabupaten Tuban,2020,Agustus,34942.52
Kabupaten Tuban,2020,September,36898.93
Kabupaten Tuban,2020,Oktober,62061.8
Kabupaten Tuban,2020,November,19282.1
Kabupaten Tuban,2020,Desember,3494.38
Kabupaten Tuban,2021,Januari,26280.91
Kabupaten Tuban,2021,Februari,29371.56
Kabupaten Tuban,2021,Maret,117522.51
Kabupaten Tuban,2021,April,102133.26
Kabupaten Tuban,2021,Mei,18699.85
Kabupaten Tuban,2021,Juni,17777.26
Kabupaten Tuban,2021,Juli,40517.56
Kabupaten Tuban,2021,Agustus,18113.74
Kabupaten Tuban,2021,September,39225.7
Kabupaten Tuban,2021,Oktober,63817.05
Kabupaten Tuban,2021,November,12523.29
Kabupaten Tuban,2021,Desember,3435.93
Kabupaten Tuban,2022,Januari,31883.19
Kabupaten Tuban,2022,Februari,37297.72
Kabupaten Tuban,2022,Maret,152502.65
Kabupaten Tuban,2022,April,69187.04
Kabupaten Tuban,2022,Mei,14111.89
Kabupaten Tuban,2022,Juni,13615.72
Kabupaten Tuban,2022,Juli,43070.89
Kabupaten Tuban,2022,Agustus,17992.41
Kabupaten Tuban,2022,September,47241.93
Kabupaten Tuban,2022,Oktober,46944.86
Kabupaten Tuban,2022,November,19675.98
Kabupaten Tuban,2022,Desember,5414.31
Kabupaten Tuban,2023,Januari,32714.42
Kabupaten Tuban,2023,Februari,60401.05
Kabupaten Tuban,2023,Maret,164251.75
Kabupaten Tuban,2023,April,25735.29
Kabupaten Tuban,2023,Mei,19460.59
Kabupaten Tuban,2023,Juni,41717.0
Kabupaten Tuban,2023,Juli,33755.08
Kabupaten Tuban,2023,Agustus,15026.36
Kabupaten Tuban,2023,September,49276.16
Kabupaten Tuban,2023,Oktober,47312.45
Kabupaten Tuban,2023,November,9675.63
Kabupaten Tuban,2023,Desember,2415.34
Kabupaten Tuban,2024,Januari,45786.79
Kabupaten Tuban,2024,Februari,48067.7
Kabupaten Tuban,2024,Maret,53556.32
Kabupaten Tuban,2024,April,106059.88
Kabupaten Tuban,2024,Mei,57927.6
Kabupaten Tuban,2024,Juni,26444.97
Kabupaten Tuban,2024,Juli,34307.09
Kabupaten Tuban,2024,Agustus,19551.51
Kabupaten Tuban,2024,September,58462.63
Kabupaten Tuban,2024,Oktober,54889.52
Kabupaten Tuban,2024,November,13042.83
Kabupaten Tuban,2024,Desember,4970.65
Kabupaten Tulungagung,2018,Januari,2210.32
Kabupaten Tulungagung,2018,Februari,11479.46
Kabupaten Tulungagung,2018,Maret,35537.57
Kabupaten Tulungagung,2018,April,65542.98
Kabupaten Tulungagung,2018,Mei,10914.95
Kabupaten Tulungagung,2018,Juni,6344.94
Kabupaten Tulungagung,2018,Juli,16147.51
Kabupaten Tulungagung,2018,Agustus,40925.79
Kabupaten Tulungagung,2018,September,14358.72
Kabupaten Tulungagung,2018,Oktober,6978.27
Kabupaten Tulungagung,2018,November,6035.56
Kabupaten Tulungagung,2018,Desember,408.55
Kabupaten Tulungagung,2019,Januari,4610.19
Kabupaten Tulungagung,2019,Februari,2517.03
Kabupaten Tulungagung,2019,Maret,15875.9
Kabupaten Tulungagung,2019,April,49525.63
Kabupaten Tulungagung,2019,Mei,32536.31
Kabupaten Tulungagung,2019,Juni,7172.69
Kabupaten Tulungagung,2019,Juli,6483.37
Kabupaten Tulungagung,2019,Agustus,36305.8
Kabupaten Tulungagung,2019,September,25987.45
Kabupaten Tulungagung,2019,Oktober,7037.46
Kabupaten Tulungagung,2019,November,5453.04
Kabupaten Tulungagung,2019,Desember,2925.71
Kabupaten Tulungagung,2020,Januari,5272.38
Kabupaten Tulungagung,2020,Februari,467.61
Kabupaten Tulungagung,2020,Maret,2897.05
Kabupaten Tulungagung,2020,April,44982.98
Kabupaten Tulungagung,2020,Mei,57332.97
Kabupaten Tulungagung,2020,Juni,15334.57
Kabupaten Tulungagung,2020,Juli,1248.75
Kabupaten Tulungagung,2020,Agustus,16803.2
Kabupaten Tulungagung,2020,September,32241.42
Kabupaten Tulungagung,2020,Oktober,31986.65
Kabupaten Tulungagung,2020,November,5256.44
Kabupaten Tulungagung,2020,Desember,574.11
Kabupaten Tulungagung,2021,Januari,3176.82
Kabupaten Tulungagung,2021,Februari,21040.78
Kabupaten Tulungagung,2021,Maret,21846.71
Kabupaten Tulungagung,2021,April,55933.06
Kabupaten Tulungagung,2021,Mei,19781.03
Kabupaten Tulungagung,2021,Juni,14473.37
Kabupaten Tulungagung,2021,Juli,17635.51
Kabupaten Tulungagung,2021,Agustus,33153.41
Kabupaten Tulungagung,2021,September,26320.94
Kabupaten Tulungagung,2021,Oktober,13236.8
Kabupaten Tulungagung,2021,November,7239.09
Kabupaten Tulungagung,2021,Desember,4079.44
Kabupaten Tulungagung,2022,Januari,11798.84
Kabupaten Tulungagung,2022,Februari,4578.55
Kabupaten Tulungagung,2022,Maret,23033.24
Kabupaten Tulungagung,2022,April,57337.95
Kabupaten Tulungagung,2022,Mei,15382.79
Kabupaten Tulungagung,2022,Juni,8553.07
Kabupaten Tulungagung,2022,Juli,14414.74
Kabupaten Tulungagung,2022,Agustus,37918.48
Kabupaten Tulungagung,2022,September,10850.19
Kabupaten Tulungagung,2022,Oktober,11263.0
Kabupaten Tulungagung,2022,November,7655.2
Kabupaten Tulungagung,2022,Desember,4431.21
Kabupaten Tulungagung,2023,Januari,13878.91
Kabupaten Tulungagung,2023,Februari,9046.44
Kabupaten Tulungagung,2023,Maret,56803.12
Kabupaten Tulungagung,2023,April,31040.53
Kabupaten Tulungagung,2023,Mei,9592.47
Kabupaten Tulungagung,2023,Juni,10703.09
Kabupaten Tulungagung,2023,Juli,30482.44
Kabupaten Tulungagung,2023,Agustus,31382.92
Kabupaten Tulungagung,2023,September,13242.54
Kabupaten Tulungagung,2023,Oktober,10114.83
Kabupaten Tulungagung,2023,November,9791.24
Kabupaten Tulungagung,2023,Desember,9423.58
Kabupaten Tulungagung,2024,Januari,7995.45
Kabupaten Tulungagung,2024,Februari,7469.06
Kabupaten Tulungagung,2024,Maret,4762.05
Kabupaten Tulungagung,2024,April,38892.89
Kabupaten Tulungagung,2024,Mei,42110.8
Kabupaten Tulungagung,2024,Juni,27817.51
Kabupaten Tulungagung,2024,Juli,7922.19
Kabupaten Tulungagung,2024,Agustus,25597.26
Kabupaten Tulungagung,2024,September,16160.7
Kabupaten Tulungagung,2024,Oktober,21073.99
Kabupaten Tulungagung,2024,November,11947.9
Kabupaten Tulungagung,2024,Desember,3070.97
Kota Batu,2018,Januari,1021.5
Kota Batu,2018,Februari,0.0
Kota Batu,2018,Maret,856.09
Kota Batu,2018,April,1006.31
Kota Batu,2018,Mei,887.94
Kota Batu,2018,Juni,260.31
Kota Batu,2018,Juli,0.0
Kota Batu,2018,Agustus,516.84
Kota Batu,2018,September,87.13
Kota Batu,2018,Oktober,196.02
Kota Batu,2018,November,457.32
Kota Batu,2018,Desember,580.07
Kota Batu,2019,Januari,650.58
Kota Batu,2019,Februari,171.09
Kota Batu,2019,Maret,0.0
Kota Batu,2019,April,456.21
Kota Batu,2019,Mei,1110.45
Kota Batu,2019,Juni,1553.37
Kota Batu,2019,Juli,324.55
Kota Batu,2019,Agustus,499.82
Kota Batu,2019,September,106.0
Kota Batu,2019,Oktober,53.03
Kota Batu,2019,November,0.0
Kota Batu,2019,Desember,106.0
Kota Batu,2020,Januari,52.06
Kota Batu,2020,Februari,61.01
Kota Batu,2020,Maret,39.66
Kota Batu,2020,April,166.46
Kota Batu,2020,Mei,720.03
Kota Batu,2020,Juni,1368.82
Kota Batu,2020,Juli,561.58
Kota Batu,2020,Agustus,341.73
Kota Batu,2020,September,325.0
Kota Batu,2020,Oktober,0.0
Kota Batu,2020,November,243.71
Kota Batu,2020,Desember,284.38
Kota Batu,2021,Januari,277.66
Kota Batu,2021,Februari,324.01
Kota Batu,2021,Maret,324.01
Kota Batu,2021,April,157.3
Kota Batu,2021,Mei,962.73
Kota Batu,2021,Juni,811.33
Kota Batu,2021,Juli,476.22
Kota Batu,2021,Agustus,761.86
Kota Batu,2021,September,368.71
Kota Batu,2021,Oktober,60.0
Kota Batu,2021,November,308.71
Kota Batu,2021,Desember,917.65
Kota Batu,2022,Januari,686.14
Kota Batu,2022,Februari,727.91
Kota Batu,2022,Maret,309.61
Kota Batu,2022,April,359.71
Kota Batu,2022,Mei,551.46
Kota Batu,2022,Juni,884.77
Kota Batu,2022,Juli,627.93
Kota Batu,2022,Agustus,695.72
Kota Batu,2022,September,355.33
Kota Batu,2022,Oktober,436.62
Kota Batu,2022,November,192.96
Kota Batu,2022,Desember,934.41
Kota Batu,2023,Januari,629.29
Kota Batu,2023,Februari,460.36
Kota Batu,2023,Maret,497.79
Kota Batu,2023,April,178.47
Kota Batu,2023,Mei,1009.37
Kota Batu,2023,Juni,654.83
Kota Batu,2023,Juli,563.89
Kota Batu,2023,Agustus,509.3
Kota Batu,2023,September,0.0
Kota Batu,2023,Oktober,0.0
Kota Batu,2023,November,51.35
Kota Batu,2023,Desember,308.16
Kota Batu,2024,Januari,668.6
Kota Batu,2024,Februari,308.63
Kota Batu,2024,Maret,51.43
Kota Batu,2024,April,102.85
Kota Batu,2024,Mei,523.72
Kota Batu,2024,Juni,464.55
Kota Batu,2024,Juli,741.33
Kota Batu,2024,Agustus,98.83
Kota Batu,2024,September,103.54
Kota Batu,2024,Oktober,51.77
Kota Batu,2024,November,51.77
Kota Batu,2024,Desember,492.39
Kota Blitar,2018,Januari,0.0
Kota Blitar,2018,Februari,0.0
Kota Blitar,2018,Maret,1390.46
Kota Blitar,2018,April,2737.39
Kota Blitar,2018,Mei,419.05
Kota Blitar,2018,Juni,0.0
Kota Blitar,2018,Juli,0.0
Kota Blitar,2018,Agustus,324.39
Kota Blitar,2018,September,0.0
Kota Blitar,2018,Oktober,0.0
Kota Blitar,2018,November,0.0
Kota Blitar,2018,Desember,0.0
Kota Blitar,2019,Januari,0.0
Kota Blitar,2019,Februari,70.63
Kota Blitar,2019,Maret,693.65
Kota Blitar,2019,April,1863.42
Kota Blitar,2019,Mei,1181.48
Kota Blitar,2019,Juni,1130.77
Kota Blitar,2019,Juli,479.96
Kota Blitar,2019,Agustus,406.2
Kota Blitar,2019,September,258.47
Kota Blitar,2019,Oktober,0.0
Kota Blitar,2019,November,0.0
Kota Blitar,2019,Desember,0.0
Kota Blitar,2020,Januari,0.0
Kota Blitar,2020,Februari,0.0
Kota Blitar,2020,Maret,0.0
Kota Blitar,2020,April,669.7
Kota Blitar,2020,Mei,2128.82
Kota Blitar,2020,Juni,1457.12
Kota Blitar,2020,Juli,74.01
Kota Blitar,2020,Agustus,424.98
Kota Blitar,2020,September,519.61
Kota Blitar,2020,Oktober,0.0
Kota Blitar,2020,November,0.0
Kota Blitar,2020,Desember,0.0
Kota Blitar,2021,Januari,41.29
Kota Blitar,2021,Februari,41.29
Kota Blitar,2021,Maret,264.26
Kota Blitar,2021,April,2833.08
Kota Blitar,2021,Mei,1653.82
Kota Blitar,2021,Juni,83.35
Kota Blitar,2021,Juli,123.19
Kota Blitar,2021,Agustus,448.93
Kota Blitar,2021,September,304.09
Kota Blitar,2021,Oktober,0.0
Kota Blitar,2021,November,0.0
Kota Blitar,2021,Desember,0.0
Kota Blitar,2022,Januari,47.24
Kota Blitar,2022,Februari,0.0
Kota Blitar,2022,Maret,229.91
Kota Blitar,2022,April,3314.9
Kota Blitar,2022,Mei,1316.2
Kota Blitar,2022,Juni,0.0
Kota Blitar,2022,Juli,38.96
Kota Blitar,2022,Agustus,155.98
Kota Blitar,2022,September,108.94
Kota Blitar,2022,Oktober,0.0
Kota Blitar,2022,November,0.0
Kota Blitar,2022,Desember,0.0
Kota Blitar,2023,Januari,45.73
Kota Blitar,2023,Februari,47.8
Kota Blitar,2023,Maret,911.54
Kota Blitar,2023,April,3096.49
Kota Blitar,2023,Mei,738.4
Kota Blitar,2023,Juni,42.85
Kota Blitar,2023,Juli,42.85
Kota Blitar,2023,Agustus,502.97
Kota Blitar,2023,September,208.05
Kota Blitar,2023,Oktober,0.0
Kota Blitar,2023,November,0.0
Kota Blitar,2023,Desember,0.0
Kota Blitar,2024,Januari,0.0
Kota Blitar,2024,Februari,0.0
Kota Blitar,2024,Maret,0.0
Kota Blitar,2024,April,382.99
Kota Blitar,2024,Mei,1500.12
Kota Blitar,2024,Juni,542.92
Kota Blitar,2024,Juli,135.27
Kota Blitar,2024,Agustus,366.85
Kota Blitar,2024,September,712.14
Kota Blitar,2024,Oktober,81.88
Kota Blitar,2024,November,0.0
Kota Blitar,2024,Desember,0.0
Kota Kediri,2018,Januari,351.89
Kota Kediri,2018,Februari,163.01
Kota Kediri,2018,Maret,2171.06
Kota Kediri,2018,April,2320.06
Kota Kediri,2018,Mei,171.72
Kota Kediri,2018,Juni,0.0
Kota Kediri,2018,Juli,2009.92
Kota Kediri,2018,Agustus,2487.17
Kota Kediri,2018,September,210.68
Kota Kediri,2018,Oktober,0.0
Kota Kediri,2018,November,0.0
Kota Kediri,2018,Desember,320.05
Kota Kediri,2019,Januari,643.85
Kota Kediri,2019,Februari,206.69
Kota Kediri,2019,Maret,604.37
Kota Kediri,2019,April,2520.17
Kota Kediri,2019,Mei,517.73
Kota Kediri,2019,Juni,283.79
Kota Kediri,2019,Juli,108.36
Kota Kediri,2019,Agustus,755.94
Kota Kediri,2019,September,1279.94
Kota Kediri,2019,Oktober,112.15
Kota Kediri,2019,November,0.0
Kota Kediri,2019,Desember,0.0
Kota Kediri,2020,Januari,0.0
Kota Kediri,2020,Februari,197.58
Kota Kediri,2020,Maret,1025.89
Kota Kediri,2020,April,2744.26
Kota Kediri,2020,Mei,1338.16
Kota Kediri,2020,Juni,196.83
Kota Kediri,2020,Juli,0.0
Kota Kediri,2020,Agustus,1318.6
Kota Kediri,2020,September,2052.2
Kota Kediri,2020,Oktober,460.09
Kota Kediri,2020,November,950.2
Kota Kediri,2020,Desember,0.0
Kota Kediri,2021,Januari,302.85
Kota Kediri,2021,Februari,100.95
Kota Kediri,2021,Maret,1478.5
Kota Kediri,2021,April,2319.69
Kota Kediri,2021,Mei,1017.84
Kota Kediri,2021,Juni,142.95
Kota Kediri,2021,Juli,363.73
Kota Kediri,2021,Agustus,1803.01
Kota Kediri,2021,September,1445.47
Kota Kediri,2021,Oktober,325.59
Kota Kediri,2021,November,0.0
Kota Kediri,2021,Desember,234.28
Kota Kediri,2022,Januari,622.98
Kota Kediri,2022,Februari,891.6
Kota Kediri,2022,Maret,1021.33
Kota Kediri,2022,April,2394.0
Kota Kediri,2022,Mei,618.85
Kota Kediri,2022,Juni,83.74
Kota Kediri,2022,Juli,623.67
Kota Kediri,2022,Agustus,1823.91
Kota Kediri,2022,September,446.33
Kota Kediri,2022,Oktober,155.05
Kota Kediri,2022,November,492.93
Kota Kediri,2022,Desember,1023.11
Kota Kediri,2023,Januari,200.36
Kota Kediri,2023,Februari,328.4
Kota Kediri,2023,Maret,492.58
Kota Kediri,2023,April,1141.16
Kota Kediri,2023,Mei,2236.15
Kota Kediri,2023,Juni,0.0
Kota Kediri,2023,Juli,97.79
Kota Kediri,2023,Agustus,2328.37
Kota Kediri,2023,September,572.61
Kota Kediri,2023,Oktober,257.96
Kota Kediri,2023,November,0.0
Kota Kediri,2023,Desember,616.19
Kota Kediri,2024,Januari,231.69
Kota Kediri,2024,Februari,0.0
Kota Kediri,2024,Maret,305.68
Kota Kediri,2024,April,1409.86
Kota Kediri,2024,Mei,2667.76
Kota Kediri,2024,Juni,182.32
Kota Kediri,2024,Juli,0.0
Kota Kediri,2024,Agustus,1644.41
Kota Kediri,2024,September,1445.86
Kota Kediri,2024,Oktober,159.98
Kota Kediri,2024,November,0.0
Kota Kediri,2024,Desember,345.35
Kota Madiun,2018,Januari,0.0
Kota Madiun,2018,Februari,116.48
Kota Madiun,2018,Maret,3492.35
Kota Madiun,2018,April,58.24
Kota Madiun,2018,Mei,0.0
Kota Madiun,2018,Juni,237.74
Kota Madiun,2018,Juli,3004.76
Kota Madiun,2018,Agustus,108.11
Kota Madiun,2018,September,77.65
Kota Madiun,2018,Oktober,0.0
Kota Madiun,2018,November,1234.8
Kota Madiun,2018,Desember,155.24
Kota Madiun,2019,Januari,0.0
Kota Madiun,2019,Februari,0.0
Kota Madiun,2019,Maret,2387.23
Kota Madiun,2019,April,947.25
Kota Madiun,2019,Mei,0.0
Kota Madiun,2019,Juni,0.0
Kota Madiun,2019,Juli,3083.48
Kota Madiun,2019,Agustus,568.91
Kota Madiun,2019,September,0.0
Kota Madiun,2019,Oktober,0.0
Kota Madiun,2019,November,829.95
Kota Madiun,2019,Desember,442.57
Kota Madiun,2020,Januari,6.05
Kota Madiun,2020,Februari,0.0
Kota Madiun,2020,Maret,464.77
Kota Madiun,2020,April,2709.01
Kota Madiun,2020,Mei,0.0
Kota Madiun,2020,Juni,0.0
Kota Madiun,2020,Juli,3772.64
Kota Madiun,2020,Agustus,1179.45
Kota Madiun,2020,September,0.0
Kota Madiun,2020,Oktober,92.23
Kota Madiun,2020,November,3080.78
Kota Madiun,2020,Desember,1007.8
Kota Madiun,2021,Januari,35.68
Kota Madiun,2021,Februari,0.0
Kota Madiun,2021,Maret,2982.28
Kota Madiun,2021,April,1661.74
Kota Madiun,2021,Mei,0.0
Kota Madiun,2021,Juni,36.13
Kota Madiun,2021,Juli,4232.01
Kota Madiun,2021,Agustus,434.75
Kota Madiun,2021,September,92.17
Kota Madiun,2021,Oktober,92.17
Kota Madiun,2021,November,3384.0
Kota Madiun,2021,Desember,554.88
Kota Madiun,2022,Januari,0.0
Kota Madiun,2022,Februari,0.0
Kota Madiun,2022,Maret,2932.19
Kota Madiun,2022,April,1633.82
Kota Madiun,2022,Mei,0.0
Kota Madiun,2022,Juni,0.0
Kota Madiun,2022,Juli,3051.13
Kota Madiun,2022,Agustus,321.64
Kota Madiun,2022,September,0.0
Kota Madiun,2022,Oktober,82.24
Kota Madiun,2022,November,2828.82
Kota Madiun,2022,Desember,604.08
Kota Madiun,2023,Januari,63.51
Kota Madiun,2023,Februari,0.0
Kota Madiun,2023,Maret,2828.31
Kota Madiun,2023,April,1097.14
Kota Madiun,2023,Mei,33.7
Kota Madiun,2023,Juni,0.0
Kota Madiun,2023,Juli,2153.67
Kota Madiun,2023,Agustus,2232.66
Kota Madiun,2023,September,35.32
Kota Madiun,2023,Oktober,0.0
Kota Madiun,2023,November,1308.75
Kota Madiun,2023,Desember,2416.56
Kota Madiun,2024,Januari,68.74
Kota Madiun,2024,Februari,0.0
Kota Madiun,2024,Maret,866.48
Kota Madiun,2024,April,3366.29
Kota Madiun,2024,Mei,246.01
Kota Madiun,2024,Juni,0.0
Kota Madiun,2024,Juli,828.81
Kota Madiun,2024,Agustus,3606.77
Kota Madiun,2024,September,104.88
Kota Madiun,2024,Oktober,0.0
Kota Madiun,2024,November,1459.65
Kota Madiun,2024,Desember,2062.79
Kota Malang,2018,Januari,1204.74
Kota Malang,2018,Februari,501.48
Kota Malang,2018,Maret,886.57
Kota Malang,2018,April,537.02
Kota Malang,2018,Mei,887.44
Kota Malang,2018,Juni,828.45
Kota Malang,2018,Juli,1307.27
Kota Malang,2018,Agustus,889.85
Kota Malang,2018,September,1459.18
Kota Malang,2018,Oktober,647.83
Kota Malang,2018,November,1447.96
Kota Malang,2018,Desember,1252.3
Kota Malang,2019,Januari,396.44
Kota Malang,2019,Februari,1905.94
Kota Malang,2019,Maret,1595.45
Kota Malang,2019,April,500.25
Kota Malang,2019,Mei,742.87
Kota Malang,2019,Juni,867.67
Kota Malang,2019,Juli,388.52
Kota Malang,2019,Agustus,1891.72
Kota Malang,2019,September,2365.49
Kota Malang,2019,Oktober,422.11
Kota Malang,2019,November,1269.94
Kota Malang,2019,Desember,1563.3
Kota Malang,2020,Januari,199.52
Kota Malang,2020,Februari,1580.81
Kota Malang,2020,Maret,2275.13
Kota Malang,2020,April,334.18
Kota Malang,2020,Mei,1645.29
Kota Malang,2020,Juni,124.06
Kota Malang,2020,Juli,346.0
Kota Malang,2020,Agustus,2057.63
Kota Malang,2020,September,1430.59
Kota Malang,2020,Oktober,543.04
Kota Malang,2020,November,690.22
Kota Malang,2020,Desember,497.28
Kota Malang,2021,Januari,870.43
Kota Malang,2021,Februari,1801.68
Kota Malang,2021,Maret,1209.87
Kota Malang,2021,April,542.85
Kota Malang,2021,Mei,680.58
Kota Malang,2021,Juni,762.58
Kota Malang,2021,Juli,572.63
Kota Malang,2021,Agustus,1990.77
Kota Malang,2021,September,1073.28
Kota Malang,2021,Oktober,183.36
Kota Malang,2021,November,704.76
Kota Malang,2021,Desember,918.61
Kota Malang,2022,Januari,453.91
Kota Malang,2022,Februari,1364.21
Kota Malang,2022,Maret,1475.71
Kota Malang,2022,April,196.47
Kota Malang,2022,Mei,781.06
Kota Malang,2022,Juni,893.36
Kota Malang,2022,Juli,828.37
Kota Malang,2022,Agustus,950.2
Kota Malang,2022,September,1002.1
Kota Malang,2022,Oktober,358.02
Kota Malang,2022,November,1110.06
Kota Malang,2022,Desember,1357.68
Kota Malang,2023,Januari,782.25
Kota Malang,2023,Februari,750.81
Kota Malang,2023,Maret,374.34
Kota Malang,2023,April,488.53
Kota Malang,2023,Mei,2132.37
Kota Malang,2023,Juni,904.07
Kota Malang,2023,Juli,1039.14
Kota Malang,2023,Agustus,90.62
Kota Malang,2023,September,425.37
Kota Malang,2023,Oktober,988.21
Kota Malang,2023,November,776.36
Kota Malang,2023,Desember,1566.5
Kota Malang,2024,Januari,916.58
Kota Malang,2024,Februari,70.81
Kota Malang,2024,Maret,901.34
Kota Malang,2024,April,834.08
Kota Malang,2024,Mei,933.86
Kota Malang,2024,Juni,1517.29
Kota Malang,2024,Juli,876.89
Kota Malang,2024,Agustus,348.68
Kota Malang,2024,September,405.71
Kota Malang,2024,Oktober,857.81
Kota Malang,2024,November,1293.86
Kota Malang,2024,Desember,1539.74
Kota Mojokerto,2018,Januari,254.88
Kota Mojokerto,2018,Februari,48.53
Kota Mojokerto,2018,Maret,0.0
Kota Mojokerto,2018,April,489.29
Kota Mojokerto,2018,Mei,664.26
Kota Mojokerto,2018,Juni,398.54
Kota Mojokerto,2018,Juli,0.0
Kota Mojokerto,2018,Agustus,622.89
Kota Mojokerto,2018,September,707.55
Kota Mojokerto,2018,Oktober,52.88
Kota Mojokerto,2018,November,223.68
Kota Mojokerto,2018,Desember,719.65
Kota Mojokerto,2019,Januari,487.53
Kota Mojokerto,2019,Februari,0.0
Kota Mojokerto,2019,Maret,45.29
Kota Mojokerto,2019,April,73.14
Kota Mojokerto,2019,Mei,439.42
Kota Mojokerto,2019,Juni,618.91
Kota Mojokerto,2019,Juli,292.0
Kota Mojokerto,2019,Agustus,0.0
Kota Mojokerto,2019,September,268.45
Kota Mojokerto,2019,Oktober,562.21
Kota Mojokerto,2019,November,453.86
Kota Mojokerto,2019,Desember,325.07
Kota Mojokerto,2020,Januari,231.15
Kota Mojokerto,2020,Februari,308.07
Kota Mojokerto,2020,Maret,0.0
Kota Mojokerto,2020,April,173.32
Kota Mojokerto,2020,Mei,731.1
Kota Mojokerto,2020,Juni,692.43
Kota Mojokerto,2020,Juli,188.95
Kota Mojokerto,2020,Agustus,377.96
Kota Mojokerto,2020,September,766.71
Kota Mojokerto,2020,Oktober,768.52
Kota Mojokerto,2020,November,223.57
Kota Mojokerto,2020,Desember,0.0
Kota Mojokerto,2021,Januari,0.0
Kota Mojokerto,2021,Februari,0.0
Kota Mojokerto,2021,Maret,475.49
Kota Mojokerto,2021,April,397.77
Kota Mojokerto,2021,Mei,1176.57
Kota Mojokerto,2021,Juni,32.08
Kota Mojokerto,2021,Juli,0.0
Kota Mojokerto,2021,Agustus,0.0
Kota Mojokerto,2021,September,1073.51
Kota Mojokerto,2021,Oktober,1185.99
Kota Mojokerto,2021,November,73.52
Kota Mojokerto,2021,Desember,0.0
Kota Mojokerto,2022,Januari,0.0
Kota Mojokerto,2022,Februari,180.6
Kota Mojokerto,2022,Maret,0.0
Kota Mojokerto,2022,April,664.85
Kota Mojokerto,2022,Mei,889.89
Kota Mojokerto,2022,Juni,56.5
Kota Mojokerto,2022,Juli,321.07
Kota Mojokerto,2022,Agustus,578.05
Kota Mojokerto,2022,September,848.77
Kota Mojokerto,2022,Oktober,716.41
Kota Mojokerto,2022,November,194.19
Kota Mojokerto,2022,Desember,582.63
Kota Mojokerto,2023,Januari,0.0
Kota Mojokerto,2023,Februari,226.03
Kota Mojokerto,2023,Maret,64.58
Kota Mojokerto,2023,April,811.47
Kota Mojokerto,2023,Mei,395.76
Kota Mojokerto,2023,Juni,151.4
Kota Mojokerto,2023,Juli,90.84
Kota Mojokerto,2023,Agustus,121.12
Kota Mojokerto,2023,September,995.67
Kota Mojokerto,2023,Oktober,227.43
Kota Mojokerto,2023,November,208.48
Kota Mojokerto,2023,Desember,0.0
Kota Mojokerto,2024,Januari,79.46
Kota Mojokerto,2024,Februari,181.53
Kota Mojokerto,2024,Maret,90.77
Kota Mojokerto,2024,April,121.02
Kota Mojokerto,2024,Mei,1170.32
Kota Mojokerto,2024,Juni,0.0
Kota Mojokerto,2024,Juli,0.0
Kota Mojokerto,2024,Agustus,0.0
Kota Mojokerto,2024,September,1132.53
Kota Mojokerto,2024,Oktober,549.3
Kota Mojokerto,2024,November,124.4
Kota Mojokerto,2024,Desember,0.3
Kota Pasuruan,2018,Januari,1168.79
Kota Pasuruan,2018,Februari,569.72
Kota Pasuruan,2018,Maret,1504.47
Kota Pasuruan,2018,April,941.42
Kota Pasuruan,2018,Mei,1244.64
Kota Pasuruan,2018,Juni,853.8
Kota Pasuruan,2018,Juli,496.93
Kota Pasuruan,2018,Agustus,1020.64
Kota Pasuruan,2018,September,1474.7
Kota Pasuruan,2018,Oktober,745.13
Kota Pasuruan,2018,November,1239.46
Kota Pasuruan,2018,Desember,586.87
Kota Pasuruan,2019,Januari,1200.42
Kota Pasuruan,2019,Februari,677.14
Kota Pasuruan,2019,Maret,602.18
Kota Pasuruan,2019,April,588.95
Kota Pasuruan,2019,Mei,750.16
Kota Pasuruan,2019,Juni,1170.19
Kota Pasuruan,2019,Juli,979.44
Kota Pasuruan,2019,Agustus,654.12
Kota Pasuruan,2019,September,774.05
Kota Pasuruan,2019,Oktober,636.89
Kota Pasuruan,2019,November,906.03
Kota Pasuruan,2019,Desember,1865.14
Kota Pasuruan,2020,Januari,171.84
Kota Pasuruan,2020,Februari,653.58
Kota Pasuruan,2020,Maret,1002.02
Kota Pasuruan,2020,April,1819.75
Kota Pasuruan,2020,Mei,993.18
Kota Pasuruan,2020,Juni,849.5
Kota Pasuruan,2020,Juli,335.11
Kota Pasuruan,2020,Agustus,345.22
Kota Pasuruan,2020,September,1175.7
Kota Pasuruan,2020,Oktober,1749.53
Kota Pasuruan,2020,November,645.78
Kota Pasuruan,2020,Desember,374.0
Kota Pasuruan,2021,Januari,584.96
Kota Pasuruan,2021,Februari,700.73
Kota Pasuruan,2021,Maret,290.75
Kota Pasuruan,2021,April,1177.99
Kota Pasuruan,2021,Mei,314.21
Kota Pasuruan,2021,Juni,606.25
Kota Pasuruan,2021,Juli,400.17
Kota Pasuruan,2021,Agustus,635.73
Kota Pasuruan,2021,September,769.78
Kota Pasuruan,2021,Oktober,913.0
Kota Pasuruan,2021,November,891.34
Kota Pasuruan,2021,Desember,1019.68
Kota Pasuruan,2022,Januari,204.67
Kota Pasuruan,2022,Februari,520.91
Kota Pasuruan,2022,Maret,576.99
Kota Pasuruan,2022,April,504.85
Kota Pasuruan,2022,Mei,691.41
Kota Pasuruan,2022,Juni,1133.05
Kota Pasuruan,2022,Juli,490.68
Kota Pasuruan,2022,Agustus,461.3
Kota Pasuruan,2022,September,571.15
Kota Pasuruan,2022,Oktober,857.32
Kota Pasuruan,2022,November,1010.78
Kota Pasuruan,2022,Desember,270.58
Kota Pasuruan,2023,Januari,291.79
Kota Pasuruan,2023,Februari,100.74
Kota Pasuruan,2023,Maret,973.29
Kota Pasuruan,2023,April,1239.35
Kota Pasuruan,2023,Mei,602.09
Kota Pasuruan,2023,Juni,612.92
Kota Pasuruan,2023,Juli,534.09
Kota Pasuruan,2023,Agustus,326.12
Kota Pasuruan,2023,September,954.38
Kota Pasuruan,2023,Oktober,1246.56
Kota Pasuruan,2023,November,1042.65
Kota Pasuruan,2023,Desember,96.05
Kota Pasuruan,2024,Januari,507.0
Kota Pasuruan,2024,Februari,1209.01
Kota Pasuruan,2024,Maret,698.42
Kota Pasuruan,2024,April,638.13
Kota Pasuruan,2024,Mei,235.27
Kota Pasuruan,2024,Juni,933.75
Kota Pasuruan,2024,Juli,676.19
Kota Pasuruan,2024,Agustus,882.27
Kota Pasuruan,2024,September,763.34
Kota Pasuruan,2024,Oktober,207.96
Kota Pasuruan,2024,November,1690.18
Kota Pasuruan,2024,Desember,223.77
Kota Probolinggo,2018,Januari,0.0
Kota Probolinggo,2018,Februari,0.0
Kota Probolinggo,2018,Maret,1453.16
Kota Probolinggo,2018,April,2570.89
Kota Probolinggo,2018,Mei,950.48
Kota Probolinggo,2018,Juni,52.63
Kota Probolinggo,2018,Juli,0.0
Kota Probolinggo,2018,Agustus,0.0
Kota Probolinggo,2018,September,155.37
Kota Probolinggo,2018,Oktober,189.77
Kota Probolinggo,2018,November,188.03
Kota Probolinggo,2018,Desember,186.68
Kota Probolinggo,2019,Januari,427.0
Kota Probolinggo,2019,Februari,45.48
Kota Probolinggo,2019,Maret,692.89
Kota Probolinggo,2019,April,2698.47
Kota Probolinggo,2019,Mei,2455.93
Kota Probolinggo,2019,Juni,160.73
Kota Probolinggo,2019,Juli,0.0
Kota Probolinggo,2019,Agustus,0.0
Kota Probolinggo,2019,September,395.98
Kota Probolinggo,2019,Oktober,288.72
Kota Probolinggo,2019,November,0.0
Kota Probolinggo,2019,Desember,0.0
Kota Probolinggo,2020,Januari,0.0
Kota Probolinggo,2020,Februari,237.81
Kota Probolinggo,2020,Maret,455.94
Kota Probolinggo,2020,April,2453.72
Kota Probolinggo,2020,Mei,2492.03
Kota Probolinggo,2020,Juni,1005.67
Kota Probolinggo,2020,Juli,56.88
Kota Probolinggo,2020,Agustus,0.0
Kota Probolinggo,2020,September,0.0
Kota Probolinggo,2020,Oktober,465.8
Kota Probolinggo,2020,November,375.34
Kota Probolinggo,2020,Desember,0.0
Kota Probolinggo,2021,Januari,0.0
Kota Probolinggo,2021,Februari,83.33
Kota Probolinggo,2021,Maret,1156.3
Kota Probolinggo,2021,April,3546.65
Kota Probolinggo,2021,Mei,2626.77
Kota Probolinggo,2021,Juni,319.47
Kota Probolinggo,2021,Juli,171.29
Kota Probolinggo,2021,Agustus,513.88
Kota Probolinggo,2021,September,248.86
Kota Probolinggo,2021,Oktober,0.0
Kota Probolinggo,2021,November,187.64
Kota Probolinggo,2021,Desember,69.89
Kota Probolinggo,2022,Januari,118.83
Kota Probolinggo,2022,Februari,0.0
Kota Probolinggo,2022,Maret,977.15
Kota Probolinggo,2022,April,3586.28
Kota Probolinggo,2022,Mei,2831.75
Kota Probolinggo,2022,Juni,297.33
Kota Probolinggo,2022,Juli,0.0
Kota Probolinggo,2022,Agustus,0.0
Kota Probolinggo,2022,September,71.25
Kota Probolinggo,2022,Oktober,221.33
Kota Probolinggo,2022,November,0.0
Kota Probolinggo,2022,Desember,0.0
Kota Probolinggo,2023,Januari,86.88
Kota Probolinggo,2023,Februari,0.0
Kota Probolinggo,2023,Maret,1691.82
Kota Probolinggo,2023,April,3403.03
Kota Probolinggo,2023,Mei,959.13
Kota Probolinggo,2023,Juni,452.62
Kota Probolinggo,2023,Juli,355.99
Kota Probolinggo,2023,Agustus,153.82
Kota Probolinggo,2023,September,0.0
Kota Probolinggo,2023,Oktober,78.09
Kota Probolinggo,2023,November,98.71
Kota Probolinggo,2023,Desember,221.97
Kota Probolinggo,2024,Januari,131.07
Kota Probolinggo,2024,Februari,0.0
Kota Probolinggo,2024,Maret,514.4
Kota Probolinggo,2024,April,4511.7
Kota Probolinggo,2024,Mei,2329.03
Kota Probolinggo,2024,Juni,362.55
Kota Probolinggo,2024,Juli,0.0
Kota Probolinggo,2024,Agustus,114.57
Kota Probolinggo,2024,September,440.64
Kota Probolinggo,2024,Oktober,85.65
Kota Probolinggo,2024,November,3.63
Kota Probolinggo,2024,Desember,0.9
Kota Surabaya,2018,Januari,675.05
Kota Surabaya,2018,Februari,1033.43
Kota Surabaya,2018,Maret,4845.46
Kota Surabaya,2018,April,1148.63
Kota Surabaya,2018,Mei,494.6
Kota Surabaya,2018,Juni,409.49
Kota Surabaya,2018,Juli,1581.61
Kota Surabaya,2018,Agustus,2071.29
Kota Surabaya,2018,September,1312.53
Kota Surabaya,2018,Oktober,325.83
Kota Surabaya,2018,November,174.16
Kota Surabaya,2018,Desember,402.45
Kota Surabaya,2019,Januari,451.66
Kota Surabaya,2019,Februari,184.35
Kota Surabaya,2019,Maret,4277.15
Kota Surabaya,2019,April,482.65
Kota Surabaya,2019,Mei,732.1
Kota Surabaya,2019,Juni,458.0
Kota Surabaya,2019,Juli,763.87
Kota Surabaya,2019,Agustus,405.77
Kota Surabaya,2019,September,375.06
Kota Surabaya,2019,Oktober,785.04
Kota Surabaya,2019,November,355.18
Kota Surabaya,2019,Desember,325.95
Kota Surabaya,2020,Januari,12.23
Kota Surabaya,2020,Februari,126.06
Kota Surabaya,2020,Maret,88.56
Kota Surabaya,2020,April,4568.32
Kota Surabaya,2020,Mei,1265.9
Kota Surabaya,2020,Juni,445.17
Kota Surabaya,2020,Juli,533.79
Kota Surabaya,2020,Agustus,1136.45
Kota Surabaya,2020,September,735.18
Kota Surabaya,2020,Oktober,474.2
Kota Surabaya,2020,November,631.21
Kota Surabaya,2020,Desember,58.13
Kota Surabaya,2021,Januari,450.93
Kota Surabaya,2021,Februari,162.11
Kota Surabaya,2021,Maret,3805.02
Kota Surabaya,2021,April,1136.33
Kota Surabaya,2021,Mei,412.04
Kota Surabaya,2021,Juni,703.65
Kota Surabaya,2021,Juli,1149.5
Kota Surabaya,2021,Agustus,550.23
Kota Surabaya,2021,September,216.68
Kota Surabaya,2021,Oktober,616.55
Kota Surabaya,2021,November,343.55
Kota Surabaya,2021,Desember,286.08
Kota Surabaya,2022,Januari,98.34
Kota Surabaya,2022,Februari,982.24
Kota Surabaya,2022,Maret,3416.56
Kota Surabaya,2022,April,866.09
Kota Surabaya,2022,Mei,208.34
Kota Surabaya,2022,Juni,147.72
Kota Surabaya,2022,Juli,576.62
Kota Surabaya,2022,Agustus,741.73
Kota Surabaya,2022,September,520.13
Kota Surabaya,2022,Oktober,101.35
Kota Surabaya,2022,November,203.33
Kota Surabaya,2022,Desember,254.86
Kota Surabaya,2023,Januari,478.5
Kota Surabaya,2023,Februari,1532.01
Kota Surabaya,2023,Maret,1602.51
Kota Surabaya,2023,April,518.63
Kota Surabaya,2023,Mei,731.76
Kota Surabaya,2023,Juni,1224.41
Kota Surabaya,2023,Juli,344.39
Kota Surabaya,2023,Agustus,897.82
Kota Surabaya,2023,September,246.28
Kota Surabaya,2023,Oktober,186.16
Kota Surabaya,2023,November,261.22
Kota Surabaya,2023,Desember,45.19
Kota Surabaya,2024,Januari,283.57
Kota Surabaya,2024,Februari,50.29
Kota Surabaya,2024,Maret,558.0
Kota Surabaya,2024,April,3667.83
Kota Surabaya,2024,Mei,609.06
Kota Surabaya,2024,Juni,195.15
Kota Surabaya,2024,Juli,213.02
Kota Surabaya,2024,Agustus,395.54
Kota Surabaya,2024,September,760.32
Kota Surabaya,2024,Oktober,244.27
Kota Surabaya,2024,November,329.6
Kota Surabaya,2024,Desember,33.77
